Dish Name,Calories,Total Fat,Saturated Fat,Trans Fat,Cholesterol,Sodium,Total Carbohydrate,Dietary Fiber,Sugars,Protein
1% Milk,100,2.3g,1.5g,0.1g,11.9mg,104.3mg,11.8g,0g,11.8g,8g
4B Burger,859,63.2g,20.4g,0.6g,141.5mg,2285.8mg,42.5g,3.5g,16.9g,33.4g
8,121,3.5g,1g,0g,0mg,313.2mg,20.2g,1g,0g,3g
Add Caramelized Onions,29,2.2g,0.2g,0g,0mg,18.8mg,2.3g,0.4g,0g,0.3g
Add Fresh Avocado,83,7.6g,1.1g,0g,0mg,4mg,4.3g,3.4g,0.1g,1g
Add Fresh Avocado,166,15.3g,2.1g,0g,0mg,7.9mg,8.6g,6.7g,0.3g,1.9g
Add Fried Egg,186,18.6g,2.2g,0.1g,148.9mg,83.6mg,0g,0g,0g,5.4g
Add On Beef Patty,182,12.9g,4.6g,0.8g,57mg,194.8mg,0g,0g,0g,15.9g
Add On Impossible Patty,200,11g,5g,0g,0mg,319.3mg,8g,5g,1g,17g
Add Sauteed Mushrooms,33,3.4g,0.3g,0g,0mg,19.3mg,0.8g,0.2g,0.5g,0.9g
Add on Bacon Slice,57,5g,1.8g,0g,14.3mg,243.8mg,0g,0g,0g,3.6g
Afghani Chicken Kebabs,134,6.1g,1.2g,0g,71.6mg,224.8mg,4.7g,0.2g,2.2g,14.4g
African Braised Cabbage,52,2.9g,0.3g,0g,0mg,221.5mg,6.3g,2.3g,3.6g,1.3g
African Peri Peri Chicken,155,7.1g,1.5g,0g,95.9mg,236.3mg,1.4g,0.2g,0.2g,20.3g
Aji Verde Sauce,69,6.2g,0.7g,0g,5.3mg,116.5mg,2.3g,0.3g,0.8g,1g
Alaskan Roll,298,10.1g,1.9g,0g,23.4mg,317.4mg,37.2g,2.4g,2g,13.5g
Alfalfa Sprouts,1,0g,0g,0g,0mg,0.2mg,0.1g,0.1g,0g,0.1g
Alfredo Sauce,102,8.4g,2.8g,0g,13.9mg,278.9mg,3.7g,0g,1.9g,2.8g
Almond Joy Muffin Top,280,14.6g,2.8g,0g,44.8mg,175.1mg,34.3g,0g,20.3g,3.5g
Aloo Gobi,48,1.5g,0.2g,0g,0mg,157.5mg,8.4g,1.9g,1.3g,1.6g
American Cheese,51,4.1g,2.5g,0g,12.7mg,253.1mg,1g,0g,0.5g,2.5g
Anadama Bread,34,0.4g,0.1g,0g,0mg,26.2mg,6.4g,0.2g,1.4g,1g
Ancho Chile Pork Torta,283,6.8g,2.2g,0g,40mg,895.7mg,38.4g,2.3g,3.1g,17.8g
Ancho Lime Pulled Chicken,109,4.6g,0.9g,0g,67.5mg,98.9mg,1.5g,0.4g,0.2g,14.4g
Apple,67,0.2g,,,,1.1mg,15.9g,2.6g,11.9g,0.3g
Apple Cake w/Spiced Glaze,113,4.7g,1.1g,0g,8.9mg,97.8mg,17.4g,0.2g,12.6g,0.7g
Apple Cake w/Spiced Glaze,225,9.5g,2.2g,0.1g,17.8mg,195.5mg,34.8g,0.5g,25.2g,1.4g
Apple Cinnamon Pancakes,93,1.8g,0.5g,0g,4.5mg,207.1mg,17.4g,0.1g,3.7g,2.3g
Apple Crisp,153,4.5g,2.8g,0g,12.2mg,74.5mg,27.7g,1.5g,16.9g,1.1g
Apple Walnut Salad w/Cranberry Vinaigrette,87,8.1g,1g,0g,0mg,52.4mg,3.9g,0.8g,2.3g,0.9g
Arroz Blanco,130,4.8g,0.4g,0g,0mg,152.9mg,18.5g,0.6g,0g,1.6g
Arroz Con Pollo (Puerto Rican),121,2.3g,0.4g,0g,29.8mg,151.3mg,15.4g,0.8g,0.4g,7.8g
Arroz Rojo (Red Tomato Rice),84,1.8g,0.2g,0g,0mg,3mg,15g,0.4g,0.2g,1.4g
Artichoke Hearts,15,0g,0g,0g,0mg,172.1mg,3g,0.5g,0g,1g
Artichoke Spinach Pasta Salad,68,2.9g,0.2g,0g,0mg,212.4mg,9.2g,1.1g,1.3g,2.2g
Asian Mixed Greens,31,0.3g,0g,0g,0mg,23.2mg,6.6g,2.5g,3.5g,2g
Asian Vegetable Succotach,78,3.2g,0.2g,0g,0mg,37.9mg,8.7g,0.9g,2.9g,5.3g
Asian Vegetables,27,1g,0.1g,0g,0mg,35.6mg,3.4g,2.3g,1.6g,2.1g
Assorted Cereals,0,0g,0g,0g,0mg,0.3mg,0g,0g,0g,0g
Atlantic Sea Farm Miso Soup w/Pulmuone Tofu,34,1.8g,0.4g,0g,0mg,119.2mg,1.3g,0.6g,0.3g,3.4g
Atlantic Sea Farm Whole Grain Kelp Bread,37,0.5g,0.1g,0g,0mg,48.5mg,6.8g,0.8g,0.6g,1.4g
Avocado,47,4.4g,0.6g,0g,0mg,2.3mg,2.4g,1.9g,0.1g,0.6g
Avocado Pasta Salad,83,2g,0.2g,0g,0.1mg,30.9mg,14.5g,1.2g,0.5g,2.5g
Avocado Toast Bar (Bacon),290,13.7g,3.2g,0g,13mg,665.2mg,31.5g,7.9g,2.5g,10.2g
Avocado Toast Bar (Bacon),345,17.2g,4.1g,0g,146.9mg,735mg,32.7g,8.2g,3.3g,15.2g
BBQ Chicken,160,5.6g,1.6g,0g,91.7mg,239.7mg,8.7g,0.7g,7.3g,16.8g
BBQ Pulled Pork,148,9g,3.3g,0g,41mg,343.8mg,5.7g,0.3g,4.1g,10.9g
BBQ Pulled Pork on Ciabatta,279,10.8g,2.6g,0.1g,35.3mg,717.8mg,32.3g,0.9g,8.9g,13.2g
BBQ Tofu,127,7.3g,1.3g,0g,0mg,208.5mg,5g,1.9g,2.3g,10.7g
BRK Brkfst Sausage Sandwich,406,25.9g,9.6g,0g,191.5mg,778.6mg,24g,1g,1.5g,17.9g
BUSH's Baked Beans,63,0.2g,0g,0g,0mg,213.7mg,12.9g,1.9g,5.6g,2.7g
Babaganoush,92,7.5g,1.3g,0g,0mg,96.7mg,5.1g,1.1g,1.4g,2.8g
Bacon,57,5g,1.8g,0g,14.3mg,243.8mg,0g,0g,0g,3.6g
Bacon Breakfast Sandwich (English Muffin),340,18.8g,7.2g,0g,189.9mg,1051mg,24g,1g,1.5g,19g
Bacon Jalapeno Quesadilla,181,10.1g,4.6g,0.2g,25mg,307.3mg,14g,0.7g,0.2g,8.4g
Bacon Slices,28,2.5g,0.9g,0g,7.1mg,120.5mg,0g,0g,0g,1.8g
Baked Buffalo Pulmuone Tofu,120,4.5g,0.9g,0g,0mg,420.7mg,10.4g,1.8g,0.4g,9.6g
Baked French Toast w/Banana Maple Syrup and Ricotta,222,5g,2.4g,0g,40.3mg,209mg,39.4g,0.8g,21.3g,5.7g
Baked GF Chicken Tenders,227,9.3g,1.3g,0g,46.7mg,466.9mg,18.7g,1.3g,0g,17.3g
Baked General Tso's Pulmuone Tofu,122,4.8g,1g,0g,0mg,176.7mg,11.2g,1.7g,6.6g,9.6g
Baked Herbs de Provence Chicken,86,2.9g,0.8g,0g,67.2mg,67.9mg,0g,0g,0g,14g
Baked Meatless Tenders,142,5.3g,0g,0g,0mg,336.7mg,12.4g,1.8g,0g,11.5g
Baked Orange Pulmuone Tofu,165,7g,1g,0g,0mg,128.3mg,16.7g,2.3g,6.6g,9g
Baked Pakora,45,0.5g,0g,0g,0mg,201.6mg,8.1g,2g,1g,2g
Baked Potato Bar,236,12g,5.8g,0.1g,20.7mg,674.9mg,24.5g,2.6g,1.7g,6.7g
Baked Salmon w/Guava Sauce,195,12.8g,2.3g,0g,50.6mg,158.6mg,6.6g,2.2g,3.7g,14.5g
Baked Sweet Plantains,51,1.1g,0.6g,0g,0mg,140.6mg,9.9g,0.2g,9.1g,0.3g
Baked Tater Tots,160,8g,0.5g,0g,0mg,250.1mg,20g,2g,0g,2g
Baked Yuca Fries,161,6g,1g,0g,0mg,234.5mg,25.2g,0g,0.5g,0.5g
Baked Ziti,237,4.1g,1.3g,0g,6mg,164.2mg,43.1g,3.7g,3.1g,8.9g
Balsamic Glazed Peppers & Onions,37,1.1g,0.2g,0g,0mg,64.7mg,6.5g,1.5g,2.4g,0.8g
Banana Choc Chip Cake,170,6.7g,1.6g,0g,0mg,194.7mg,27g,0.5g,15.7g,1.4g
Banana Fritter,98,4.2g,0.4g,0g,12.7mg,57mg,13g,0.1g,1.9g,2.2g
Banana Peppers,3,0g,0g,0g,0mg,141.8mg,0.5g,0.5g,0g,0g
Barley & Roasted Tomato Risotto,72,1g,0.1g,0g,0mg,108.3mg,14g,2.8g,1.9g,1.9g
Basil Cream Pesto Sauce,203,19.8g,9.3g,0.5g,48mg,107.3mg,3.4g,0.1g,2.1g,3.5g
Basmati Rice,121,0g,0g,0g,0mg,0mg,26.2g,1.3g,0g,2.6g
Beans Black,56,0g,0g,0g,0mg,66mg,10.2g,2.5g,0.5g,3.6g
Beef & Broccoli,119,2.5g,0.8g,0.1g,25.4mg,746.4mg,13.4g,2.1g,6.7g,11.1g
Beef Barbacoa Nacho Bar,389,23.5g,9.7g,0g,45.9mg,726.8mg,30.1g,4.1g,3g,12.6g
Beef Brisket Noodle Bowl,221,3.1g,0.9g,0g,15.3mg,547.8mg,37.1g,2.3g,1.9g,11.8g
Beef Burrito,323,10.8g,4.6g,0g,48.1mg,707.4mg,36.4g,4.3g,1.1g,22.1g
Beef Fajita (Meat Only),82,3.4g,0.8g,0g,23.6mg,199mg,3.8g,1.2g,0.9g,9.1g
Beef Kefta,266,17.5g,5.8g,0.6g,72.7mg,146.1mg,3.2g,1.1g,0.1g,22.9g
Beef Nacho Bar,168,8.1g,2g,0.2g,13.5mg,80.3mg,18.5g,1.4g,0.4g,5.3g
Beef Nachos,756,43.3g,17.4g,0g,127.2mg,869.4mg,56.6g,4.8g,0.7g,40.2g
Beef Pho w/Chicken Broth,153,5g,1g,0g,30.4mg,2793.8mg,16.1g,0.1g,5.6g,13.8g
Beef Pho w/Spicy Green Curry Broth,163,6.4g,2.8g,0g,33mg,2165.3mg,14.8g,0.1g,5.1g,13.4g
Beef Pho w/Vegetable Broth,141,5g,1g,0g,30.4mg,2988.4mg,15g,0g,5.9g,11.6g
Beef Quesadilla,658,38.2g,19.8g,0g,139.2mg,1254.1mg,39.5g,4.3g,1.1g,43.4g
Beef Salad,149,5.6g,2.1g,0g,48.1mg,296.9mg,9.1g,3.3g,2.5g,17.9g
Beef Tacos (Meat Only),70,4.7g,1.8g,0.3g,16.8mg,31.1mg,1.9g,0.5g,0.6g,4.3g
Beef Teriyaki Don,644,34.1g,5.8g,0.1g,214.4mg,1143.6mg,53g,1.7g,21.7g,31.5g
Beef for Pho,30,1g,0.5g,0g,15.2mg,151.9mg,0g,0g,0g,5.6g
Berries & Cream French Toast,163,4g,1.7g,0g,49.5mg,200.2mg,26.3g,0.2g,10.2g,5.1g
Berry Bar,137,4.8g,1.6g,0g,0mg,93.9mg,22.4g,1g,13.3g,1.2g
Berry Bar,274,9.5g,3.3g,0g,0mg,187.7mg,44.9g,2g,26.5g,2.4g
Besan Chilla (Chickpea Pancakes),80,2.1g,0.1g,0g,0mg,83.4mg,10.5g,1.3g,0.2g,4.1g
Big Mack Burger,599,33.9g,13.1g,1g,108mg,1143.5mg,40.1g,1g,4.1g,32g
Black Bean Burger,160,7g,0g,0g,0mg,470mg,19g,4g,3g,7g
Black Bean Frijoles,72,0g,0g,0g,0mg,85.1mg,13.1g,3.3g,0.7g,4.6g
Black Bean Mussels,52,2.2g,0.2g,0g,10mg,719.6mg,3.1g,0g,1g,4.9g
Black Bean Sweet Potato Burger,170,2.5g,0g,0g,0mg,250.4mg,32g,0g,3g,8g
"Black Bean, Rice & Cilantro",114,1.5g,0.1g,0g,0mg,63.9mg,20.7g,2g,0.3g,3.1g
Black Beans,48,1g,0.1g,0g,0mg,130.3mg,7.7g,1.6g,0.4g,2.2g
Black Beans,80,1.7g,0.1g,0g,0mg,217.7mg,12.8g,2.6g,0.7g,3.6g
Black Rice,83,0g,0g,0g,0mg,68.6mg,17.4g,0.7g,0.8g,1.9g
Blackberry Crisp,163,5.3g,1.8g,0g,0mg,71.4mg,29.2g,2.9g,18.1g,1.5g
Blackened Hake,114,3g,0.3g,0g,49.1mg,196.9mg,0.3g,0.1g,0g,20.4g
Blackened Tuna w/Avocado Salsa,135,6.3g,0.7g,0g,39mg,98.7mg,2.4g,1.2g,0.6g,16.6g
Blue Wall Burger w/Onions Rings,967,51.1g,18.9g,0.8g,137.6mg,2522.8mg,89.2g,5.6g,37.2g,43.6g
Blue Wall Club (Bacon),787,40.3g,9g,0g,115.1mg,1843.5mg,60.8g,8.7g,3.2g,48.2g
Blue Wall Don,806,44.9g,6.5g,0.1g,210.8mg,441.2mg,70.4g,2g,12.2g,31.2g
Blueberries,32,0.2g,0g,0g,0mg,0.6mg,8.2g,1.4g,5.6g,0.4g
"Blueberry Blizzard Coffeecake (Pecans, Walnuts)",8,0.4g,0.1g,0g,1.3mg,5.6mg,1.1g,0g,0.7g,0.1g
Blueberry Buckle,146,3.9g,0.3g,0g,0mg,74.1mg,27.2g,1g,15.6g,2g
Blueberry Cobbler,152,3.8g,1.2g,0g,0mg,81.2mg,28.9g,1.4g,14.4g,1.7g
Blueberry Muffin Top,249,12.7g,1.4g,0.1g,45.6mg,176mg,30.6g,0.5g,17.1g,3.1g
Blueberry Pancakes,193,3.8g,0.9g,0g,9.5mg,436.6mg,36g,0.2g,7.3g,4.8g
Blueberry Poppy Seed Pull Apart Roll,111,1.6g,0.8g,0g,15.5mg,87.1mg,20.4g,1.3g,5.2g,3.2g
Blueberry Poppy Seed Roll,111,1.6g,0.8g,0g,15.5mg,87.1mg,20.4g,1.3g,5.2g,3.2g
Blueberry Scones,290,13g,5g,0g,15mg,300mg,40g,1g,17g,4g
Blueberry Walnut Bread,88,2.9g,0.5g,0g,0mg,38.2mg,14.7g,0.6g,8g,1.6g
Blueberry Yogurt Parfait,285,4.8g,1g,0g,5mg,130mg,54.1g,0.8g,27.9g,7.3g
Bolognese Sauce,151,9.8g,3.3g,0.5g,28.6mg,197mg,6.9g,2g,4.1g,8.3g
Bombay Lentils & Spinach,68,1.1g,0g,0g,0mg,317.5mg,11.3g,3.4g,2.3g,4.5g
Bow Tie Pasta,88,0.4g,0g,0g,0mg,9.1mg,18.4g,1.3g,0.4g,3.1g
Bow Tie Pasta,117,0.6g,0g,0g,0mg,12.1mg,24.5g,1.8g,0.6g,4.1g
Braised Collard Greens,53,3.4g,0.5g,0g,0mg,146.5mg,4.9g,3.4g,0.4g,2.6g
Braised Collards in Tomato Onion Gravy,31,0.8g,0.1g,0g,0mg,48.8mg,5.1g,3.1g,0.5g,2.4g
Braised Kale & Tomatoes,46,1.8g,0.2g,0g,0mg,110.4mg,6.5g,2.4g,1.6g,2.8g
Braised Pork w/White Beans & Tomatoes,126,7.1g,2g,0g,27.5mg,281.5mg,5.7g,1.6g,1.1g,9.6g
Braised Pulmuone Tofu,131,7.2g,1.3g,0g,0.1mg,326.2mg,6.6g,2.3g,2g,10.9g
Bread Pudding,293,21g,13.1g,0.6g,92.6mg,98.2mg,23.1g,0.5g,16g,3.7g
Breaded Chicken Breast,297,21.6g,2.6g,0g,34.9mg,507.2mg,11.9g,0.7g,0.7g,14.7g
Breaded Chicken Burger,431,23.7g,3.1g,0g,34.9mg,680mg,35.7g,3g,6.2g,20.9g
Breaded Chicken Sandwich,550,33.4g,4.6g,0g,43.2mg,1383.1mg,46.7g,3g,15.3g,19.2g
Breaded Chicken Tenders,334,22.4g,2.3g,0g,43.4mg,590.3mg,15.6g,0g,0.9g,15.6g
Breakfast Burrito,346,13.7g,4.3g,0.1g,162.9mg,348.8mg,39.2g,2.5g,0.4g,15.9g
Breakfast Sandwich,226,8.9g,3.6g,0g,161.5mg,568.6mg,24g,1g,1.5g,11.9g
Broccoli Chicken Alfredo Pasta,145,6g,1.8g,0g,17.3mg,188mg,15.3g,1.1g,1.6g,8.5g
Broccoli Flowerettes,22,1.2g,0.1g,0g,0mg,90.8mg,1.8g,2.2g,1.4g,2.2g
Brown Rice,248,1.8g,0.4g,0g,0mg,2.7mg,52.2g,2.3g,0g,5.1g
Brown Rice,123,0.9g,0.2g,0g,0mg,3.4mg,25.9g,1g,0.3g,2.7g
Brown Rice,82,0.6g,0.1g,0g,0mg,11.7mg,17.3g,0.7g,0.2g,1.8g
Brown Rice Pilaf,68,1.8g,0.1g,0g,0mg,61mg,12.4g,0.7g,0.1g,1.4g
Brown Rice w/Lime & Cilantro,79,0.6g,0.1g,0g,0mg,541.5mg,16.5g,0.8g,0g,1.6g
Brussel Sprouts Tops,41,0.6g,0.1g,0g,0mg,108.4mg,7.9g,3.3g,1.9g,3g
Bucatini all' Amatriciana (Pork),164,6.5g,1.7g,0g,8mg,192.2mg,21.5g,0.8g,0.4g,6.2g
Buffalo Chicken,255,17.2g,2.1g,0g,35.1mg,494.1mg,11g,0g,0g,14g
Buffalo Chicken Baked Potato Bar,231,12.5g,5.1g,0.2g,30.7mg,375.3mg,19.9g,2.1g,0.6g,10.4g
Buffalo Chicken Leg,119,7.1g,2.4g,0g,73.8mg,380.2mg,0.6g,0g,0.2g,12.7g
Buffalo Chicken Pizza w/Cauliflower Crust,246,12.8g,5.8g,0.3g,39.7mg,550.9mg,21.8g,0.6g,1.5g,11g
Buffalo Chicken Quesadilla,212,11.5g,6.9g,0.1g,50mg,625.8mg,11.7g,0.5g,0.2g,16.2g
Buffalo Chicken Salad,552,43.2g,8g,0g,71.9mg,1199.1mg,24.1g,2.7g,4.6g,22.5g
Buffalo Chicken Salad w/Blue Cheese Dressing,358,31.9g,8.9g,0g,42.4mg,592.9mg,10.9g,3.9g,3.6g,9.3g
Buffalo Chicken Salad w/Ranch Dressing,259,23g,5g,0g,24mg,392mg,9.8g,3.9g,3.6g,5.2g
Buffalo Chicken Sandwich,607,25.1g,4g,0g,43.5mg,1776.2mg,69.5g,1g,3.1g,24.6g
Buffalo Chicken Wrap,463,24.3g,4.2g,0g,48.6mg,838.5mg,38.6g,2.1g,1.4g,22.8g
Buffalo Chicken Wrap,877,53.2g,9g,0g,71.9mg,1389.3mg,74.6g,6.7g,5.1g,31g
Buffalo Chicken Wrap,356,14.6g,2.4g,0g,29.7mg,568.3mg,38.4g,2.2g,0.8g,17.5g
Buffalo Chicken Wrap,364,12.5g,5.5g,0g,53.3mg,924.4mg,38.1g,0.2g,0.1g,21.4g
Buffalo Wings,283,23.3g,4.9g,0g,56.2mg,225.6mg,0.3g,0g,0.1g,17.4g
Bun Bo Hue (Vietnamese Beef Soup Broth),195,9.2g,2.9g,0g,49mg,1377.7mg,9.6g,1.3g,3.1g,17.2g
Bun Heo Quay (Crispy Pork Belly Bowl),398,31.3g,11.1g,0g,40.7mg,387.9mg,22.9g,1.4g,9.5g,7.6g
"Bun Rieu-Vietnamese Noodle Bowl (Pork, Crab, Shrimp)",415,9.9g,3.3g,0g,88.2mg,1588.5mg,64.4g,0.7g,3.5g,14.9g
Burger Bar,842,50.3g,17.5g,0g,100.9mg,1284.2mg,62.6g,3.5g,5.7g,34.3g
Burger Bar,468,21.9g,6.7g,0.6g,72.5mg,747.8mg,48.1g,5.7g,67.7g,20.8g
Bush's Baked Beans,63,0.2g,0g,0g,0mg,213.7mg,12.9g,1.9g,5.6g,2.7g
Butter Croissant,150,8g,5g,0g,30mg,180mg,15g,1g,2g,3g
Buttermilk Pancakes,203,4.1g,1g,0g,10.1mg,465.8mg,37.5g,0g,7.1g,5.1g
Butternut Risotto,178,6.9g,2.8g,0g,11.2mg,178mg,23.4g,1.7g,0.9g,3.7g
Butternut Squash,53,0.9g,0.1g,0g,0mg,84.9mg,12.1g,1.7g,4g,0.8g
Butternut Squash w/Sage,61,2.8g,0.4g,0g,0mg,243.6mg,9.8g,1.7g,1.8g,0.9g
Butterscotch Walnut Blondie,152,6.1g,2.9g,0g,23.7mg,70.1mg,24.1g,0g,16.2g,1.8g
Butterscotch Walnut Blondie,228,9.1g,4.4g,0g,35.6mg,105.2mg,36.2g,0g,24.3g,2.8g
Caesar Salad,492,41.6g,8.1g,0g,40.1mg,997.3mg,26.1g,0g,1.3g,10.9g
Caesar Salad,73,5.7g,1.2g,0g,6mg,135mg,4.7g,0g,0.7g,2.3g
Caesar Salad Wrap,827,51.6g,9.1g,0g,40.1mg,1227.3mg,78.6g,4.5g,2.3g,20.4g
Cajun Chicken Thigh,105,3.6g,1g,0g,81.4mg,185.4mg,0g,0g,0g,17g
Cajun Red Beans & Rice,48,0.4g,0g,0g,0mg,45.5mg,9.1g,1g,0.8g,1.2g
Calabaza y Espinaca al Chipotle,45,2.5g,0.2g,0g,0mg,58.9mg,5.3g,1.1g,1.5g,0.9g
California Roll,238,2.5g,0.3g,0g,6.7mg,688.4mg,44.5g,1.4g,3.3g,8.9g
California Roll,230,1.5g,0.2g,0g,3.3mg,817mg,47.7g,0.9g,13.4g,6g
California Roll with Brown Rice,221,5.9g,0.6g,0g,3.3mg,338.3mg,36.8g,2.5g,9.8g,7g
Canadian Bacon,31,0.7g,0.3g,0g,13.7mg,214.6mg,0.4g,0g,0.3g,5.8g
"Cannellini Bean Salad w/Pepper, Rstd Garlic",83,4.6g,0.7g,0g,2.1mg,186mg,8.5g,1.5g,1.8g,3.1g
Cannellini Bean Salad w/Red Onion & Olives,90,5.9g,0.6g,0g,0mg,361.5mg,8.4g,2.7g,1.2g,2.5g
Cannellini Bean Salad w/Roasted Tomato,69,2.5g,0.7g,0g,3.3mg,321mg,8.5g,2.6g,1.2g,4.6g
Cantonese BBQ Pork Ribs,151,10.9g,4.2g,0g,38.5mg,153.7mg,4.6g,0.1g,3.9g,8.3g
Cantonese Beef Stew,96,4.7g,1.5g,0g,25.7mg,170.3mg,4.6g,0.7g,0.7g,8.8g
Caprese Grilled Cheese,268,12.6g,4.8g,0g,25.8mg,462.7mg,29g,0.6g,2.7g,11g
Caprese Pasta Salad,116,7.1g,2.1g,0g,10.7mg,74.4mg,6.9g,1.2g,0.6g,4.5g
Caprese Sandwich,646,35.9g,9.1g,0.1g,45.7mg,1016.5mg,58.4g,0.7g,2.2g,22.9g
Caprese Stuffed Mushrooms,87,6.6g,1g,0g,3.3mg,227.5mg,4.1g,1.1g,1.5g,2.8g
Caramelized Carrots w/Paprika & Honey,44,0.7g,0.1g,0g,0mg,143mg,9.5g,2.3g,5.1g,0.8g
Carnitas Nachos,873,57.7g,19.5g,0.1g,137.4mg,1041.7mg,52.8g,3.3g,0.2g,40.3g
Carnitas Pork Burrito,479,29.9g,7.4g,0.2g,61.7mg,937.2mg,31.4g,2.4g,0.5g,22.4g
Carnitas Quesadilla,814,57.3g,22.6g,0.2g,152.8mg,1484mg,34.4g,2.4g,0.5g,43.6g
Carnitas Rice Bowl,461,25.3g,5.1g,0.2g,61.7mg,519.4mg,37.7g,1.4g,0.3g,20.7g
Carnitas Salad,305,24.7g,5g,0.2g,61.7mg,526.7mg,4g,1.3g,1.8g,18.1g
Carrot Cake w/Donut Sugar,130,5.3g,1.5g,0g,0mg,130.5mg,20.6g,0.1g,12.5g,1.1g
Carrot Kale Salad,46,3.2g,0.5g,0g,0mg,102.7mg,4.4g,1.3g,2.9g,0.8g
Carrot Tzimmes,67,0g,0g,0g,0mg,92.9mg,16.7g,2.4g,13.9g,0.9g
Carrots,5,0g,0g,0g,0mg,10.9mg,1.3g,0.4g,0.9g,0.2g
Carrots Sticks,5,0g,0g,0g,0mg,10.9mg,1.3g,0.4g,0.9g,0.2g
Cauliflower & Chickpea Gyro,71,3g,0.4g,0g,0mg,257.4mg,9.3g,2.3g,2.2g,3.1g
Cauliflower & Potato Curry,43,1.7g,0g,0g,0mg,263.7mg,6.8g,1.7g,1.7g,0.9g
Cauliflower Kelp Tempura,92,4.1g,0.3g,0g,0mg,76.8mg,13g,0.5g,0.4g,1.7g
"Cauliflower w/Peppers, Pumpkin Seeds & Chives",75,5.5g,0.9g,0g,0mg,104.7mg,5.2g,1.8g,1.9g,2.3g
Cavatappi Pasta,140,0.7g,0g,0g,0mg,0mg,29.5g,1.5g,0.7g,5.9g
"Cavatappi w/Red Pepper Pesto, Green Pea & Mushroom",115,3.3g,1g,0g,0mg,255.3mg,18.1g,1.3g,1.2g,4.7g
Cavatappi w/Tomato Cream & Spinach,148,6.8g,3.7g,0.2g,18.9mg,116.1mg,18.8g,1.1g,1.8g,4.5g
Celery Sticks,9,0.1g,0g,0g,0mg,45.4mg,1.7g,0.9g,0.8g,0.4g
Celery Sticks,2,0g,0g,0g,0mg,10.3mg,0.4g,0.2g,0.2g,0.1g
"Chana Dal, Baby Spinach, Toasted Cumin",176,4.8g,0.2g,0g,0mg,299.8mg,24.8g,4.4g,2.3g,8.1g
"Chana Dal, Tomato & Cumin Spinach",146,3.6g,0.2g,0g,0mg,48.4mg,20.7g,3.9g,1.7g,7.1g
Chana Masala,110,2.4g,0.1g,0g,0mg,166.1mg,17.1g,3.3g,3.4g,5.2g
Chana Masala Cauliflower Soup,19,0.7g,0.6g,0g,0mg,77.4mg,2.7g,0.5g,0.5g,0.4g
Chana Masala Cauliflower Soup,94,3.7g,3.1g,0g,0mg,387.2mg,13.7g,2.5g,2.5g,1.9g
Channa Masala,85,2.1g,0g,0g,0mg,187.1mg,12.8g,3.4g,2.6g,4.3g
Chap Che Noodles,135,6.4g,0.8g,0g,0mg,227.2mg,18.2g,0.7g,6.4g,1.3g
Chapati,97,3.9g,2.2g,0g,5.1mg,105mg,12g,1g,1g,2g
Charmoula Zucchini & Summer Squash,49,3.7g,0.3g,0g,0mg,75.8mg,4.1g,1.2g,2.1g,0.8g
Cheddar Cheese,115,9.4g,5.3g,0.3g,28.1mg,185.1mg,0.9g,0g,0.1g,6.5g
Cheese,54,4.6g,2.8g,0g,7mg,307.1mg,0.4g,0.2g,0.1g,3.5g
Cheese Cheddar Shredded,115,9.4g,5.3g,0.3g,28.1mg,185.1mg,0.9g,0g,0.1g,6.5g
Cheese Danish,151,9.1g,5g,0g,35.3mg,171.4mg,15.1g,0g,5g,3g
Cheese Feta,78,6.5g,4.6g,0g,0mg,623.7mg,0.2g,,0.2g,4.7g
Cheese Pizza,204,5.4g,2.7g,0.1g,14.7mg,471.9mg,29.6g,1.3g,1g,8.3g
Cheese Pizza w/Cauliflower Crust,215,9.3g,5.8g,0.3g,31.2mg,479.1mg,23g,1g,2.2g,9.3g
Cheese Quesadilla,632,41.8g,22.8g,0g,121.5mg,1148mg,33.9g,2g,0.3g,33.4g
Cheese Ravioli w/Carbonara Cream (Bacon),647,29.9g,16.5g,0.4g,131.9mg,642.3mg,71.6g,2.6g,6g,23.9g
Cheese Ravioli w/Pepper Cream & Pesto,505,23.6g,11.3g,0.3g,98.1mg,451mg,54.4g,2g,6.1g,19.1g
Cheese Rigatoni w/Plant Based Nasoya Bolognese Sauce,185,5.6g,3.1g,0g,19.7mg,234.1mg,25.5g,2g,2.8g,8.8g
"Cheesy White Bean, Zucchini & Tomato Bake",135,8.1g,2.3g,0g,0mg,188.7mg,13.1g,4.1g,1.5g,3.3g
Chermoula Roasted Chicken,127,9.5g,2.3g,0g,29.8mg,408mg,2.4g,0.8g,0.5g,7.9g
Chicharron Vegetable Mix,3,0g,0g,0g,0mg,5mg,3.6g,0.1g,2.8g,0.2g
Chicken & Vegetable Stir Fry,98,4.2g,0.6g,0g,29.2mg,507.4mg,6.9g,1g,2.7g,7.7g
Chicken & Vegetable Stir Fry,66,0.4g,0g,0g,15.3mg,370.6mg,7.1g,1.4g,2.7g,8.2g
Chicken Bacon Ranch Sandwich,667,32.6g,8.5g,0g,96mg,1215.4mg,57.4g,0.5g,3.1g,39.1g
Chicken Broccoli Alfredo Pasta,901,45.1g,13.4g,0g,117.2mg,455.9mg,93.5g,5.1g,5.6g,36.6g
Chicken Burrito,319,9.2g,3.5g,0g,88mg,716.5mg,34.6g,2.4g,3.5g,23.8g
Chicken Caesar Salad,107,2.4g,1.2g,0g,51.2mg,314.4mg,5.3g,0g,1g,15.3g
Chicken Caesar Wrap,321,11g,2.1g,0g,29.9mg,331.6mg,38.2g,2.6g,0.3g,19g
Chicken Congee,280,0.2g,0g,0g,4.4mg,98.5mg,61.4g,1.7g,0.2g,6.5g
Chicken Congee,43,0.2g,0g,0g,4.3mg,104.8mg,8.2g,0.4g,0.4g,2.1g
Chicken Fajitas,101,4.6g,0.3g,0g,25.9mg,123.1mg,4.1g,1.1g,0.9g,12.2g
Chicken Gyro,313,13.4g,3g,0.5g,72.5mg,522.3mg,27g,2.3g,2.5g,20.2g
Chicken Gyro w/Pita Bread & Rice,297,5.2g,1.1g,0g,70mg,425.5mg,40.3g,0.9g,0.8g,20.3g
Chicken Katsu,82,5.5g,0.6g,0g,10.7mg,145.3mg,3.8g,0g,0.2g,3.8g
Chicken Katsu,164,11g,1.2g,0g,21.4mg,290.6mg,7.7g,0g,0.4g,7.7g
Chicken Katsudon,557,21.9g,2.6g,0.1g,208.8mg,1182.3mg,61.9g,1.8g,14.2g,28.4g
Chicken Maharashtra Hot Curry,157,12.2g,3.5g,0g,26.2mg,147.4mg,4.4g,1.2g,0.8g,8.2g
Chicken Nachos,753,42.1g,16.6g,0g,157.1mg,876.2mg,55.2g,3.3g,2.4g,41.4g
Chicken Noodle Soup,63,1.6g,0g,0g,15.6mg,400.3mg,7.5g,0.6g,1.3g,4.4g
Chicken Palava,109,5.3g,0.9g,0g,57.2mg,307.5mg,2.6g,0.6g,0.1g,12.4g
Chicken Parmesan Sandwich,382,11.4g,3.5g,0.1g,39.2mg,933.7mg,48.3g,0.5g,3.7g,19.4g
Chicken Pesto Sandwich,687,33.8g,7.3g,0.1g,78.2mg,1003.8mg,58.1g,0.7g,2.2g,39.6g
Chicken Pho Broth (Fish),24,1.4g,0g,0g,0mg,1241.5mg,2.9g,0g,2.8g,0.9g
Chicken Pho w/Chicken Broth,158,4.5g,0.3g,0g,40.1mg,2527.7mg,16.1g,0.1g,5.6g,15.2g
Chicken Pho w/Spicy Green Curry Broth,167,5.9g,2.1g,0g,42.7mg,1899.2mg,14.8g,0.1g,5.1g,14.8g
Chicken Pho w/Vegetable Broth,145,4.5g,0.3g,0g,40.1mg,2722.2mg,15g,0g,5.9g,13g
Chicken Potsticker,250,14.4g,1.7g,0g,20mg,410mg,21g,0g,2g,9g
Chicken Quesadilla,654,36.6g,18.7g,0g,179.1mg,1263.3mg,37.7g,2.4g,3.5g,45.1g
Chicken Salad,125,10.9g,1.6g,0g,32.3mg,121.3mg,1.4g,0.3g,0.2g,5.6g
Chicken Salad,145,4g,1.1g,0g,88mg,306mg,7.3g,1.3g,4.8g,19.6g
Chicken Salad,109,8g,1g,0g,27.7mg,98.5mg,1.1g,0.2g,0.2g,9.4g
Chicken Shawarma,111,4.2g,1g,0g,74.6mg,232.9mg,1.6g,0.2g,0.1g,15.9g
Chicken Souvlakia,85,3.2g,0.7g,0g,48.4mg,117.9mg,3.2g,0.5g,0.4g,10.7g
Chicken Souvlakia Rice Bowl,354,16g,5.4g,0.1g,41.9mg,957.6mg,36g,2.6g,3.2g,16.2g
Chicken Taco Filling,50,3.1g,0.4g,0g,21.6mg,46.1mg,0.9g,0.1g,0g,4.7g
Chicken Tacos Meat,33,0.3g,0g,0g,12.2mg,174.3mg,2.1g,0.5g,0.3g,5.7g
Chicken Tenders & Fries Basket,822,50.5g,5g,0g,70.4mg,1262.8mg,58.7g,3.3g,1.4g,28.7g
Chicken Teriyaki Don,571,28.2g,3.1g,0.1g,202.7mg,1138.2mg,53g,1.7g,21.7g,27.6g
Chicken Tikka Masala,182,13.1g,4.7g,0.2g,70.3mg,236.2mg,4.7g,0g,2.3g,11.2g
Chicken Tikki Masala w/Rice & Naan,1530,53.1g,14.2g,0.6g,201mg,1555.1mg,199g,6.3g,11.1g,59.6g
Chicken Tikki Masala w/Rice & Naan,383,13.3g,3.6g,0.1g,50.3mg,388.8mg,49.7g,1.6g,2.8g,14.9g
Chicken Tinga,59,2.4g,0.5g,0g,33.6mg,115.2mg,1.4g,0.4g,0.3g,7.3g
Chicken Tinga,88,3.6g,0.7g,0g,50.4mg,172.8mg,2.1g,0.6g,0.5g,10.9g
Chicken Yassa,209,13.9g,4g,0g,66.3mg,122.1mg,2.1g,0.4g,0.4g,17.2g
Chicken and Corn Soup,76,3.6g,0.5g,0g,27mg,169mg,8.4g,0.7g,3.7g,3g
Chicken for Pho,26,0.3g,0g,0g,14mg,12.9mg,0g,0g,0g,6.3g
Chickpea & Cauliflower Palava,99,2g,0.1g,0g,0mg,273.5mg,16g,3.6g,3.1g,5.2g
Chickpea & Kelp Meatballs,94,5.6g,5.6g,0g,0mg,165.1mg,6g,2.3g,0g,5.1g
Chickpea & Roasted Pepper Salad w/Tahini,135,9.7g,1.3g,0g,0mg,163.8mg,9.7g,1.8g,2g,3.6g
Chickpea Chaat Salad,75,1.2g,0g,0g,0.4mg,226.5mg,12.4g,2.3g,2.7g,3.9g
Chickpea Edamame Salad,79,4.9g,0.6g,0g,0mg,72.8mg,7.1g,1.2g,2g,2.7g
Chickpea Salad w/Roasted Garlic & Olives,142,10g,0.6g,0g,0mg,263.1mg,11.3g,2.2g,1.6g,3.1g
Chickpea Salad w/Teardrop Peppers & Artichoke Hearts,109,7.4g,1.2g,0g,2mg,150.5mg,8.7g,1.6g,2.6g,3.2g
Chickpea Salad w/Tomatoes & Feta,110,6.9g,1.6g,0g,0mg,325.5mg,8.8g,1.9g,2g,4.1g
Chickpeas,44,0.7g,0g,0g,0mg,47.3mg,7.1g,1.4g,1.4g,2.4g
Chili Lime Melon Salad,42,2.2g,1.3g,0g,5.1mg,140.3mg,4g,0.5g,3.2g,1.9g
Chimichurri Chicken,133,10.5g,2.2g,0g,29.8mg,256.7mg,1g,0.3g,0.2g,7.8g
Chinese Spinach Bun,120,7.3g,1.3g,0g,0mg,200mg,16.7g,2.7g,2g,2.3g
Chinese Steamed Pork Ribs w/Taro Root,98,3.3g,1.1g,0.1g,10.7mg,404.8mg,13.8g,0.1g,2.6g,2.2g
Chinese Twist Cruller,26,1.2g,0.2g,0g,0mg,20.8mg,3.4g,0.1g,0g,0.5g
Chipotle Jalapeno Cornbread,179,9.9g,2.5g,0.1g,30.9mg,156.1mg,18.9g,0.6g,6g,3.4g
Chipotle Mayonnaise,74,8g,1.1g,0g,7.2mg,78.5mg,1.1g,0.1g,0.1g,0.1g
Chipotle Pork Burrito Bowl,474,22.4g,6.9g,0.2g,53mg,769mg,40.7g,4.5g,5.6g,18.6g
Chocolate Cake w/Choc Icing,140,6.5g,2.1g,0g,8.5mg,157.1mg,18.6g,0.8g,13g,1.6g
Chocolate Cherry Almond Oat Crisp,146,3.1g,0.9g,0g,0mg,32.2mg,27.1g,0g,13.2g,3.4g
Chocolate Chip Pecan Bar,172,9.3g,3g,0g,0mg,94.2mg,21.7g,1.3g,12.8g,1.8g
Chocolate Chip Scones,300,15g,6g,0g,15mg,290mg,39g,1g,16g,4g
Chocolate Chunk Cookie,190,9g,4.5g,0g,15mg,105mg,26g,1g,15g,2g
Chocolate Croissant,161,9.5g,5.4g,0g,30.3mg,172.2mg,16.9g,0.2g,3.5g,3.2g
Chocolate Drop Cookies,181,9g,4.2g,0g,15.4mg,147.4mg,25.7g,0g,15.8g,2g
Chocolate Drop Cookies,91,4.5g,2.1g,0g,7.7mg,73.7mg,12.9g,0g,7.9g,1g
Chocolate Milkshake,913,50.9g,29.5g,1.5g,246.1mg,189.1mg,98.2g,0g,89.6g,15g
Chocolate Peanut Butter Bar,884,55.9g,23.7g,0g,60.8mg,258mg,82.1g,3.1g,56.5g,13.5g
Chocolate Peanut Butter Bar,295,18.6g,7.9g,0g,20.3mg,86mg,27.4g,1g,18.8g,4.5g
Chocolate Pumpkin Bread Pudding,277,18.9g,11.7g,0.5g,76.2mg,96.3mg,26g,1.3g,17.7g,4.2g
Chole Chickpea Curry,83,2.1g,0.1g,0g,0mg,197.7mg,11.9g,2.5g,2.9g,3.4g
Chopped Cilantro,1,0g,0g,0g,0mg,1.6mg,0.1g,0.1g,0g,0.1g
Chopped Walnuts,93,9.2g,0.9g,0g,0mg,0.3mg,1.9g,1g,0.4g,2.2g
Chunky Salsa,10,0g,0g,0g,0mg,227.1mg,3g,1g,2g,0g
Churro Bread Pudding,241,18g,11.2g,0.6g,79.6mg,100.8mg,17.8g,0.5g,10.7g,3.8g
Cinnamon Bun,170,8g,4.5g,0g,20mg,200.2mg,22g,1g,6g,3g
Cinnamon Raisin French Toast,247,7.2g,1.7g,0.1g,135mg,330.2mg,37.1g,1.8g,17.8g,10.2g
Cinnamon Walnut Coffeecake (Pecans),130,6.5g,1.5g,0g,10mg,80.3mg,16.6g,0g,10.5g,1.5g
Citrus Basmati Rice,140,3.4g,0.3g,0g,0mg,73.5mg,23.9g,1.3g,0.2g,2.5g
Citrus Saffron Basmati Rice,140,3.4g,0.3g,0g,0mg,73.6mg,23.9g,1.3g,0.2g,2.5g
Citrus Yogurt w/Sumac,26,1.3g,0.9g,0g,3.3mg,108.8mg,1.2g,0g,1.2g,2.4g
"Classic Poutine (Beef, Chicken)",271,19g,7.1g,0g,36.3mg,512.1mg,15.7g,1.3g,1.1g,9.6g
Cobb Salad,549,40.9g,10.3g,0g,234.8mg,1445.1mg,19.4g,4.2g,7.8g,32.6g
Cobb Salad Wrap,951,54.3g,11.4g,0g,242.3mg,1603.8mg,72.4g,8.2g,10.4g,52.5g
Cochinita Pibil (Pork),124,5.6g,2.1g,0g,45mg,230.2mg,2.9g,0.2g,0.2g,14.7g
Cochinita Pibil (Pork),83,3.7g,1.4g,0g,30mg,153.5mg,1.9g,0.1g,0.1g,9.8g
Cochinita Pibil Tacos (Pork),202,9.3g,3.7g,0g,31.9mg,295.4mg,17.6g,2.9g,3.1g,11.8g
Coconut Basboosa w/Pistachios,190,6.7g,3.8g,0.1g,24.6mg,75.8mg,30.7g,0.8g,19.4g,3.1g
Coconut Chicken Curry,124,7.9g,2.9g,0g,37.8mg,166.2mg,4.5g,0g,1.2g,8.3g
Coconut Chutney (Peanuts),80,7g,2.8g,0g,0mg,68.1mg,2.8g,1.7g,0.3g,2.1g
Coconut Milk Pulao w/Pepitas,138,6.3g,4.4g,0g,0mg,82.3mg,16.7g,1.2g,0.7g,2.5g
Coffee Cheesecake w/Oreo Crust,203,13.6g,7g,0.2g,68.3mg,124.8mg,18g,0g,12.9g,2.8g
Congee Toppings (Peanuts),86,6.3g,0.9g,0g,0mg,60.7mg,6.8g,0.8g,1.2g,4g
Congo Bar w/Walnuts,210,8.9g,3.4g,0g,27.2mg,96.3mg,31.8g,0.9g,20.7g,2.8g
Coriander Chutney,14,0.9g,0g,0g,0mg,155.5mg,0.9g,0g,0g,0g
Corn,73,1.2g,0.3g,0g,0mg,57.8mg,16g,1.7g,5.3g,2.8g
Corn & Black Bean Salad,64,3.2g,0.4g,0g,0mg,67.5mg,7.2g,1.6g,1.3g,2.1g
Corn & Tomatoes,82,1.2g,0.3g,0g,0mg,84.5mg,17.9g,2.1g,6.2g,3g
Corn Tostada,53,2.3g,0.3g,0g,0mg,90mg,7.3g,0.3g,0g,0.7g
Corn and Red Peppers,30,1.1g,0.5g,0g,1.8mg,72.5mg,4.8g,0.5g,1.6g,0.5g
Corn w/Red Peppers,75,2.3g,0.3g,0g,0mg,36.2mg,13.8g,1.6g,4.9g,2.4g
"Corn, Tomato & Scallion Salad",26,1g,0.2g,0g,0mg,11.9mg,4.2g,0.7g,1.7g,0.8g
Corned Beef Hash,64,4.4g,1.9g,0.2g,9.4mg,169.9mg,4g,0.4g,0.4g,2.1g
Crab Rangoon,107,6.5g,2.2g,0g,11.5mg,105.4mg,10.5g,0g,1g,2.6g
Craisins,92,0g,0g,0g,0mg,0mg,23.4g,2.1g,20.6g,0g
Cranberry Buckle,135,3.7g,0.3g,0g,0mg,74.1mg,42.9g,1.5g,28.2g,1.8g
Cranberry Maple Syrup Glazed Pork,112,2.9g,0.8g,0g,49mg,132.2mg,2.6g,0.1g,2.1g,17.8g
Cranberry Orange Rolls,108,1.3g,0.7g,0g,14.8mg,84mg,20.9g,0g,7.7g,2.8g
Cranberry Orange Scone,290,13g,4.5g,0g,15mg,300mg,40g,1g,17g,3g
Cranberry Tamarind Chutney,49,0g,0g,0g,0mg,7.2mg,12.9g,0.1g,12.2g,0g
Creamy Cucumber Salad,13,0.6g,0.3g,0g,0.8mg,39.3mg,1.3g,0.2g,0.7g,0.8g
Creamy Cucumber Salad,25,1.2g,0.5g,0g,1.6mg,78.6mg,2.5g,0.3g,1.5g,1.5g
Creamy Paneer & Green Pea Curry,190,16.2g,9.1g,0.3g,48mg,492.1mg,5.4g,0.6g,2.3g,6.2g
Creamy Southern Slaw,165,16.6g,2.3g,0g,15.1mg,299.1mg,4.9g,0.8g,2.6g,0.4g
Creamy Tuscan Chicken,204,17g,8.2g,0.2g,62.3mg,292.7mg,2.8g,0.2g,1.8g,9.3g
Creamy Tuscan Chicken,611,50.9g,24.5g,0.7g,186.9mg,878.1mg,8.4g,0.6g,5.3g,28g
Creamy Tuscan Salmon,266,20g,6.8g,0.2g,80.5mg,279.2mg,4.6g,0.5g,2.4g,17.1g
Create Your Own Salad,463,29.8g,5.4g,0g,30.8mg,937.3mg,36.2g,4.9g,7.1g,17.5g
Create Your Own Wrap,796,39.8g,6.4g,0g,30.8mg,1167.2mg,88.3g,9.4g,8g,26.8g
Crispy Chicken Teriyaki Bowl,291,19.5g,2.2g,0g,26.4mg,522mg,18g,2.7g,4.7g,11.1g
Crispy Orange Chicken Wings,243,18.6g,1.9g,0g,43.2mg,121.3mg,1.2g,0g,0.7g,17.5g
Cuban Black Beans,80,1.7g,0.1g,0g,0mg,183.5mg,12.7g,2.7g,0.5g,3.7g
Cuban Mojo Pork,135,9.1g,3g,0.1g,45.9mg,224.5mg,0.8g,0.1g,0.1g,12.8g
Cuban Rice & Beans,104,1.3g,0.1g,0g,0mg,433.6mg,19.7g,1.2g,0.7g,2g
Cucumber & Yogurt Raita,12,0.4g,0.3g,0g,1mg,24.2mg,1.2g,0.1g,0.7g,0.9g
Cucumber Mint Yogurt Sauce,27,1.9g,0.8g,0g,2.2mg,50.9mg,1.1g,0.1g,0.9g,1.7g
Cucumber Tomato Salad w/Fresh Herbs,12,0g,0g,0g,0mg,44.2mg,2.7g,0.5g,1.4g,0.4g
"Cucumber, Feta, Dill & Mint Salad",50,3.6g,1.7g,0g,0mg,209.7mg,2.8g,0.6g,1.3g,2g
Cucumbers,9,0.1g,0g,0g,0mg,1.1mg,2.1g,0.3g,0.9g,0.4g
Cumin Basmati Rice,138,2.8g,0.2g,0g,0mg,75.8mg,24.5g,1.3g,0g,2.5g
Cumin Spinach,51,3.4g,0.2g,0g,0mg,286.8mg,3.4g,0.1g,0.1g,1.9g
Curly Fries,150,8g,1g,0g,0mg,360.3mg,20g,1g,1g,2g
Curtido (Spicy Cabbage Slaw),8,0g,0g,0g,0mg,63.7mg,1.5g,0.5g,0.8g,0.3g
Dal Palak,73,1.2g,0.1g,0g,0mg,104.5mg,10.6g,2.8g,0.6g,4.8g
Dal Tadka,136,4.3g,0.3g,0g,0mg,253.2mg,17.4g,3.2g,0.8g,6.1g
Dan Dan Noodles (Peanuts),309,9.6g,0.9g,0g,0mg,847.8mg,45.2g,0.5g,5.9g,12.6g
Deep Fried Onion Pakora,110,7.7g,1.7g,0g,0mg,160.9mg,7.3g,1g,0.5g,2.6g
Deli Bar,276,8.9g,2.3g,0g,26.9mg,696mg,42.3g,5g,36.4g,9.6g
Deli Beef,61,2g,1g,0g,30.4mg,303.8mg,0g,0g,0g,11.1g
Deli Ham,67,2.7g,1.3g,0g,26.7mg,633.7mg,1.3g,0g,1.3g,9.3g
Deli Salami,139,10.9g,4g,0g,34.8mg,636.6mg,2g,0g,0g,7g
Diced Avocado,152,14g,1.9g,0g,0mg,7.3mg,7.8g,6.2g,0.3g,1.8g
Diced Tomatoes,5,0g,0g,0g,0mg,3.8mg,1g,0.2g,0.6g,0.2g
Dim Sum,159,4.4g,1.1g,0g,2.8mg,276.3mg,23.9g,0.8g,2.8g,4.9g
Dim Sum,409,11.2g,2.5g,0g,23.7mg,548.5mg,62.2g,1.6g,11.7g,12.3g
Dolmadas (Stuffed Grape Leaves),161,8.1g,1.3g,0g,0mg,731.8mg,20.2g,5g,2g,2g
Double Chocolate Chip Cookie,190,9g,4.5g,0g,15mg,110mg,26g,1g,16g,2g
Double Chocolate Chip Cookies,380,18g,9g,0g,30mg,220mg,52g,2g,32g,4g
Edamame,208,9.6g,1.1g,0g,0mg,474.9mg,15.7g,0g,0g,18.4g
Edamame & Mushroom,89,5.4g,0.2g,0g,0mg,155.1mg,5.8g,0.2g,1.9g,6.5g
Egg & Tomato Stir Fry,96,6.9g,1.1g,0g,111.6mg,208.3mg,4.2g,0.6g,2.2g,4.6g
Egg Drop Soup,54,4.4g,0.7g,0g,74.4mg,215.8mg,0.7g,0.1g,0.2g,3g
Egg Salad,177,14.6g,3.1g,0g,304mg,285mg,1.1g,0.3g,0.2g,10.8g
Eggplant Donburi,273,7.4g,0.7g,0.1g,0.1mg,564.2mg,44.3g,0g,9.2g,4.8g
Eggplant Parmesan,96,6.7g,4.2g,0g,0.1mg,274.9mg,9.1g,2.1g,3.3g,1.2g
Eggplant Salad,65,6g,0.5g,0g,0mg,150.5mg,3.5g,1.5g,2g,0.5g
Ellis Family Herbed Chicken,121,9.4g,3.4g,0g,36.3mg,41.7mg,0.6g,0g,0.3g,7.6g
Extra American Cheese,43,3.4g,2.1g,0g,10.7mg,213.8mg,0.9g,0g,0.4g,2.1g
Extra Cheddar,81,7.1g,4.1g,0g,25.3mg,136.8mg,0g,0g,0g,5.1g
Extra Cheese,83,6.7g,4.1g,0g,21.7mg,150.7mg,0.5g,0.3g,0g,5.4g
Extra Meat,50,0.8g,0g,0g,26.1mg,212.6mg,0g,0g,0g,11.4g
Extra Pepper Jack,81,6.1g,4.1g,0g,20.3mg,136.8mg,0g,0g,0g,5.1g
Extra Swiss,81,6.1g,4.1g,0g,20.3mg,45.6mg,0g,0g,0g,7.1g
Extra Tortilla Wrap,221,6.5g,3g,0g,0mg,516.8mg,35.6g,3g,0.5g,6g
Extra Wrap,335,10g,1g,0g,0mg,230mg,52.5g,4.5g,1g,9.5g
FREIHOFFER Whole Wheat Bread,95,1.1g,0g,0g,0mg,168.9mg,17.9g,2.1g,2.1g,4.2g
Falafel,473,21.2g,1.2g,0g,0mg,1538.4mg,33.9g,13.6g,1.7g,12.7g
Falafel,74,3.7g,0.3g,0g,0mg,39.1mg,8.1g,2.2g,1.3g,2.5g
"Farro, Tomato, & Chickpea Salad",57,2.4g,0.3g,0g,0mg,71.4mg,7.7g,1.6g,1.5g,2g
Fat Free Cottage Cheese,51,1.4g,0.9g,0g,8.5mg,227.2mg,3.4g,0g,2.3g,7.4g
Feta Cheese,81,6.1g,4.1g,0g,20.3mg,182.3mg,1g,0g,0g,6.1g
Fettuccini Pasta,149,0.7g,0g,0g,0mg,30.9mg,31.3g,1.5g,1.5g,5.2g
Filling for Beef Tacos,91,6.3g,2.4g,0.4g,22mg,28.5mg,2.6g,0.5g,0.4g,5.7g
Fish in Black Bean Sauce,96,4.2g,0.4g,0g,27.7mg,411mg,1.9g,0.4g,0.9g,12.1g
Fish w/Salsa Verde & Roasted Tomatoes,101,3.8g,0.6g,0g,36.8mg,174.1mg,1g,0.1g,0.1g,15.4g
Flour Tortilla,90,2g,1g,0g,0mg,220mg,15g,1g,0g,3g
French Fries,316,19.8g,1.6g,0g,0mg,157.7mg,30.7g,3.1g,0g,3.1g
French Fries,193,13.2g,1.2g,0g,0mg,470.4mg,17.7g,1.8g,0g,1.8g
French Onion Braised Chicken,196,9.5g,4.3g,0g,93.1mg,308.1mg,6g,1.1g,0.4g,20.8g
French Onion Meatloaf,151,10.1g,3.4g,0.3g,39.7mg,177.2mg,7g,0.6g,1g,8g
French Onion Meatloaf (Spare),136,9g,3.1g,0g,33.3mg,184.5mg,7g,0.9g,1g,7.7g
French Toast,99,2.8g,0.6g,0g,51.4mg,176.9mg,14.6g,0g,2.2g,4.6g
French Toast Sticks,480,14g,2g,0g,20mg,520mg,76g,4g,24g,12g
French Toast Sticks,260,8g,1g,0g,10mg,289.7mg,42g,2g,14g,6g
French Vanilla Yogurt,50,0.3g,0.2g,0g,1.7mg,26.7mg,10.3g,0g,7.3g,1.7g
Fresh Baked Biscuit,300,15g,9g,0g,0mg,760mg,35g,1g,3g,5g
Fresh Corn on the Cob,39,0.6g,0.1g,0g,0mg,6.8mg,8.4g,0.9g,2.8g,1.5g
Fresh Corn on the Cob,310,4.9g,1.2g,0g,0mg,54mg,67.3g,7.2g,22.5g,11.8g
Fresh Red Onions,4,0g,0g,0g,0mg,0.1mg,0.8g,0.2g,0.5g,0.1g
Fresh Red Peppers,3,0g,0g,0g,0mg,0.4mg,0.6g,0.2g,0.4g,0.1g
Fresh Sauteed Spinach,29,1.3g,0.2g,0g,0mg,88.6mg,3.5g,1.9g,0.4g,2.5g
Fried Buffalo Chicken,177,8.7g,0.6g,0g,32.7mg,442.8mg,10.8g,0.4g,0.4g,15.8g
Fried Chicken,175,8.7g,0.6g,0g,32.7mg,274mg,10.5g,0.4g,0.3g,15.7g
Fried Chicken Tenders,541,36.4g,3.8g,0g,70.4mg,1229.4mg,25.3g,0g,1.4g,25.3g
Fried Eggs,73,5.8g,1.2g,0g,148.9mg,65.5mg,0g,0g,0g,5.4g
Fried Plantain,68,3.6g,0.7g,0g,0mg,125mg,8.8g,0.2g,8.1g,0.3g
Frijoles Pintos Tradicionales,64,3.4g,0.3g,0g,0mg,207.9mg,6.4g,1.5g,0.6g,1.9g
Fruit Salad,75,0g,0g,0g,0mg,0mg,20.3g,2g,20.3g,0g
Fudge Drop Brownie,265,11.6g,3.2g,0g,16.3mg,162.5mg,38g,1.5g,26.1g,2.1g
Fudge Drop Brownies,173,7.6g,2.1g,0g,10.6mg,105.9mg,24.8g,1g,17g,1.4g
GENERAL MILLS Apple Turnover,350,22g,11g,0g,0mg,220mg,33g,1g,8g,4g
GF BBQ Pulled Pork Sandwich,497,21.5g,6g,0g,75.1mg,945.9mg,56g,5.6g,75.8g,20.5g
GF Bacon Breakfast Bagel Sandwich,320,19.1g,7.2g,0g,189.9mg,991mg,20.5g,2g,3.5g,17g
GF Breakfast Bagel Sandwich,206,9.1g,3.6g,0g,161.5mg,508.6mg,20.5g,2g,3.5g,9.9g
GF Butternut Ravioli w/Sausage & Kale,176,8.2g,3.6g,0g,33.4mg,262.8mg,17.6g,1.9g,1.5g,7.6g
GF Caprese Pasta Salad,106,6.4g,1.9g,0g,8.3mg,170.2mg,9.2g,0.4g,0.5g,3g
GF Chicken Caesar Salad,164,15.3g,3.1g,0g,29.8mg,241.6mg,1.1g,0.1g,0.1g,6.3g
GF Chicken Parmesan,227,11.1g,3.1g,0.1g,46.1mg,520.2mg,16.2g,1.5g,1.2g,16.3g
GF Garlic Bread,100,5g,2.1g,0.1g,9.4mg,120.7mg,11.9g,0.4g,0.6g,2.4g
GF Greek-Styled Ravioli,173,7.1g,3.5g,0g,29.7mg,289mg,19.3g,1.9g,2.4g,8.1g
GF Ham & American Cheese Whole Grain Bread,384,12.5g,3.5g,0g,48.1mg,1223.4mg,58.7g,6.5g,8.5g,15.3g
GF Ham & Swiss Sandwich,389,13g,3.5g,0g,48.1mg,995.2mg,57.7g,6.5g,8g,16.9g
GF Mango Chicken Bowl,198,3.1g,0.7g,0g,40.3mg,218.9mg,30.6g,1.4g,6.6g,10.7g
GF Peanut Butter & Strawberry Jam Sandwich,554,23.2g,3.1g,0g,0mg,664.3mg,86.8g,4g,39.5g,9.9g
GF Peanut Butter & Strawberry Jam Sandwich,478,20.5g,2.5g,0g,0mg,459.2mg,74.3g,7.3g,22.4g,8.4g
GF Penne Pasta,203,1g,0g,0g,0mg,0mg,43.5g,1g,0g,4.1g
GF Pesto Chicken Sandwich,217,9.8g,1.6g,0g,20.4mg,505.5mg,24.6g,3.3g,33.6g,9g
GF Pork Carnitas Nacho Bar,296,16.7g,6.3g,0g,55.8mg,796mg,21.4g,2.6g,3g,15g
GF Tuna Salad Sandwich,402,16.4g,1.8g,0g,20mg,611.3mg,59.2g,6.9g,8.3g,10.5g
GF Turkey & Provolone on Whole Grain Bread,381,11g,2.6g,0.1g,39.6mg,905.7mg,58.1g,6.8g,8.1g,18.3g
Garden Salad,354,22.4g,3.1g,0g,0mg,1184.1mg,39.8g,2.1g,10g,7.3g
Garden Salad Wrap,603,30.3g,4.1g,0g,0mg,1166.9mg,75.4g,5.5g,9.1g,13.2g
Garlic Bread,191,12.4g,5.7g,0g,28.7mg,151.7mg,15.6g,0.6g,1.6g,4.5g
Garlic Bread Knots,120,4.5g,1.5g,0g,0mg,260mg,18g,1g,1g,3g
Garlic Bread Sticks,160,5g,1.5g,0g,0mg,240mg,24g,1g,2g,4g
Garlic Knots,120,4.5g,1.5g,0g,0mg,260mg,18g,1g,1g,3g
Garlic Parmesan Chicken Leg,150,7.4g,1.5g,0g,82.7mg,64.5mg,3.5g,0.1g,1.9g,16.9g
Garlic Parmesan Cream Sauce,117,10.2g,4.2g,0.1g,20.9mg,239.1mg,3.5g,0g,1.8g,2.6g
Garlicy Collard Greens,73,5.4g,0.4g,0g,0mg,106.5mg,5.3g,3.2g,0.4g,2.6g
Garlicy Potatoes w/Harissa,103,4.2g,0.6g,0g,0mg,106.1mg,14.7g,0.3g,0.1g,1.9g
Gemelli Pasta,203,1g,0g,0g,0mg,141.8mg,42.5g,2g,2g,7.1g
"Gemelli w/Pancetta, Roasted Tomatoes, and Basil",240,10.3g,2.9g,0.1g,17.6mg,189.4mg,31.8g,1.9g,2.9g,8.2g
Gemelli w/Spinach & Tomato Cream,175,6.7g,2.6g,0.1g,12.1mg,88.1mg,25.7g,1.7g,2.1g,5.1g
General Tso Chicken,241,14.7g,1.7g,0g,25.8mg,579mg,16.1g,1.1g,3.3g,11.6g
General Tso Chicken,234,14.1g,1.7g,0g,31.8mg,356.8mg,19.3g,1g,7.9g,8g
General Tso Chicken,197,12g,1.5g,0g,26.9mg,398.8mg,15.6g,0.9g,3.4g,6.9g
General Tso Pulmuone Tofu,214,13.8g,1.8g,0g,0mg,364.1mg,16.5g,2.5g,4g,6.2g
General Tso Pulmuone Tofu,171,11g,1.5g,0g,0mg,291.3mg,13.2g,2g,3.2g,4.9g
General Tso Pulmuone Tofu,148,8.2g,1.5g,0g,0mg,147.7mg,12g,2.7g,2g,6.1g
General Tso's Pulmuone Tofu,196,12.8g,1.7g,0g,0mg,268.4mg,15.1g,1.6g,6.8g,5.3g
General Tso's Sauce,24,0g,0g,0g,0mg,239.4mg,5.5g,0g,2.3g,0.4g
Ginger & Tomato Salad,11,0g,0g,0g,0mg,47.4mg,2.1g,0.3g,1.1g,0.4g
Ginger Rice,53,0g,0g,0g,0mg,30.4mg,11.9g,0.3g,0g,1g
Gingerbread Scuffin,221,10.4g,6.4g,0g,41.6mg,155.1mg,29.1g,0.9g,11.8g,2.5g
Gingered Green Beans,81,6.6g,1g,0g,0mg,53mg,5.7g,2.1g,2.6g,1.5g
Gluten Free Primavera Pizza,76,3.5g,1.9g,0.1g,10.4mg,171.5mg,7.9g,0.4g,0.8g,3.2g
Gluten Free Turkey Chili,99,4.3g,1.6g,0g,22mg,109.2mg,7.6g,1.8g,1.6g,7.6g
Gluten Free Turkey Sandwich,283,6g,0g,0g,30.4mg,759mg,45.4g,5.2g,66.1g,14.4g
Gluten Free Unagi Sauce,61,0.1g,0.1g,0.1g,0.2mg,633.1mg,13.9g,0g,12.2g,0.8g
Gluten Free Waffles,224,0.8g,0g,0g,0mg,415.7mg,46.4g,0g,8g,6.4g
Gold'n Spicy Burger,741,43.2g,5.8g,0g,52.7mg,1729.3mg,67.9g,3.5g,31.7g,21.4g
Golden Raisins,86,0.1g,0g,,0mg,3.4mg,22.5g,0g,16.8g,1g
Grape Tomatoes,15,0g,0g,0g,0mg,0mg,3g,0.9g,2g,0.5g
Greek Briam Roasted Vegetable,46,1g,0.2g,0g,0mg,77mg,8.2g,1.4g,2g,1.2g
Greek Chicken,211,14.5g,4.2g,0g,66.3mg,174.9mg,1.2g,0.2g,0.1g,17g
Greek Chickpeas & Spinach,79,3.4g,0.4g,0g,0mg,99mg,9.4g,3g,2.2g,3.4g
Greek Lentils,134,1.8g,0.1g,0g,0mg,154.8mg,23g,5.8g,1.4g,8.2g
Greek Spinach Rice Pilaf,71,2.9g,0.4g,0g,0mg,77.2mg,10g,1g,0.3g,1.5g
Greek Tomato Salad,20,1.2g,0.2g,0g,0mg,34.3mg,2g,0.4g,1.1g,0.4g
Green Beans w/Coconut,41,1.1g,0.4g,0g,0mg,197.4mg,7.2g,2.6g,3.2g,1.5g
Green Beans w/Red Peppers,78,3g,0.3g,0g,0mg,173.4mg,12.2g,4.6g,5.5g,3.1g
Green Curry Chicken,195,10.2g,6.9g,0g,54.4mg,674.5mg,8.4g,0.6g,6.1g,15.8g
Green Curry Chicken Entree,705,16g,9.5g,0g,72.5mg,989.3mg,106.8g,6.2g,11.2g,30.5g
Green Curry Pho Broth,249,20.4g,15.9g,0g,22.7mg,1292.8mg,13.6g,0g,11.3g,2.3g
Green Curry Thai Pulmuone Tofu,165,12.4g,5.5g,0g,0mg,639.1mg,6g,2.7g,2g,7.1g
Green Olives,45,3g,0g,0g,0mg,781.8mg,3g,0g,0g,0g
Green Peppers,2,0g,0g,0g,0mg,0.3mg,0.5g,0.2g,0.2g,0.1g
Green Rice,137,0.5g,0g,0g,0mg,204.1mg,28g,1.4g,0.7g,2.8g
Green Rice,96,1.4g,0.1g,0g,0mg,159.2mg,17.9g,0.7g,0.2g,1.6g
Green Tahini Sauce,57,4.8g,0.8g,0g,0mg,194.7mg,2.2g,0.1g,0.1g,2.1g
Grilled Carrots,27,1.7g,0.3g,0g,0mg,58.4mg,2.9g,0.9g,1.4g,0.3g
Grilled Cheese Sandwich,129,6.1g,3.1g,0g,15.1mg,400.9mg,14.2g,0g,1.3g,4.9g
Grilled Chicken Breast,31,0.9g,0.1g,0g,17.9mg,33.5mg,0g,0g,0g,5.6g
Grilled Chicken Breast,93,2.7g,0.4g,0g,53.8mg,100.4mg,0.1g,0g,0g,16.8g
Grilled Chicken Thighs,94,3.8g,0.8g,0g,67.2mg,158.6mg,0g,0g,0g,14g
Grilled Diced Chicken,94,3.9g,0.5g,0g,33mg,74.2mg,1.3g,0g,1g,14.7g
Grilled Ham & Cheese Sandwich,352,17.8g,8.8g,0g,62.1mg,979.6mg,27.8g,0g,2.9g,22.1g
Guacamole,113,9.5g,1.9g,0g,0mg,245.7mg,3.8g,1.9g,0g,1.9g
Guacamole,28,2.4g,0.5g,0g,0mg,61.4mg,0.9g,0.5g,0g,0.5g
Guacamole,2,0.1g,0g,0g,0mg,99.9mg,0.4g,0.1g,0.1g,0.1g
Hainanese Chicken Rice,128,3.1g,0.9g,0g,15mg,593.6mg,19.2g,0.6g,0.5g,5.7g
Hake Misoyaki,119,1g,0.1g,0g,31.6mg,479.2mg,9g,0.2g,7.4g,14.1g
Halal Burger Patty,144,10.2g,3.6g,0.6g,45mg,95.4mg,0g,0g,0g,12.6g
Halal Crispy Shrimp Poke Bowl,360,19.4g,2.2g,0g,43.5mg,627.1mg,39.1g,1.5g,6.4g,7.8g
Halal Crispy Tofu Poke Bowl,393,26.4g,3.6g,0g,8.3mg,502.4mg,31.3g,2.9g,7.1g,7.5g
Halal French Fries,202,13.6g,1.1g,0g,0mg,125mg,17.7g,1.8g,0g,1.8g
Halal Pho Noodle Bowl,155,3.5g,1.4g,0g,49.8mg,651.2mg,14.5g,1.3g,8.6g,16.6g
Hamburger,278,12.2g,4.1g,0.6g,45mg,236mg,23.8g,2.3g,5.5g,18.9g
Hand Cut Sweet Potato Fries,178,11.7g,1.5g,0g,0mg,201.6mg,17.3g,1.8g,8.2g,0.9g
Hard Boiled Egg,111,7.7g,2.1g,0g,297.7mg,131mg,0g,0g,0g,10.7g
Hard Boiled Eggs,56,3.8g,1.1g,0g,148.9mg,65.5mg,0g,0g,0g,5.4g
Harissa Braised Zucchini,46,3.4g,0.5g,0g,0mg,96.9mg,4.2g,1.2g,2g,0.9g
Harissa Lemon Vinaigrette,150,16.8g,2g,0g,0mg,113.9mg,1.2g,0.1g,0.6g,0.1g
Harissa Tahini Sauce,61,5.1g,0.9g,0g,0mg,82.6mg,2.4g,0.1g,0.1g,2.2g
Hash Brown Cakes,181,12.7g,0.4g,0g,0mg,219.3mg,15.9g,1.1g,0g,1.1g
Hatch Burger w/Garlic Aioli,597,41g,12.8g,0.8g,248.9mg,786.4mg,24.8g,2.3g,5.5g,34.8g
Hawaiian Roll,113,1.6g,1.3g,0g,0mg,66.9mg,20.3g,0.8g,3.4g,3.2g
Hazelnut Chocolate Coffeecake,149,9.5g,1g,0g,20.7mg,76.4mg,13.9g,1g,7.4g,2.5g
Herb Buttered Red Potatoes,74,2g,1.2g,0g,5.2mg,256.5mg,12.8g,1.5g,1.1g,1.6g
Herb Roasted Mushrooms,36,3g,0.4g,0g,0mg,100mg,2.5g,0.7g,1.7g,2.8g
Herb Roasted Tomatoes,44,4.1g,0.6g,0g,0mg,23mg,1.8g,0.4g,1.1g,0.4g
Herb Roasted Tomatoes,66,6.1g,0.9g,0g,0mg,34.5mg,2.7g,0.6g,1.6g,0.6g
Herb Roasted Tomatoes,22,2g,0.3g,0g,0mg,11.5mg,0.9g,0.2g,0.5g,0.2g
Herbed Roasted Chicken Legs,93,6.4g,1.8g,0g,29.8mg,80.8mg,0.4g,0.1g,0g,7.6g
Homemade Clam Chowder,157,8.8g,5.4g,0g,25.3mg,171.8mg,14.9g,0.6g,2g,3.2g
Homemade Guacamole,19,1.2g,0.1g,0g,0mg,43.3mg,2.3g,0.3g,0.8g,0.2g
Homemade Kim Chi,6,0g,0g,0g,0mg,88.9mg,1.4g,0.1g,0.7g,0.3g
Homemade Macaroni & Cheese,215,12.5g,8.2g,0g,39.4mg,293.8mg,17.2g,0.8g,2.5g,8.6g
Homemade Macaroni & Cheese,135,7.7g,4.6g,0.1g,22.6mg,114.1mg,10.9g,0.4g,1.8g,5.4g
Homemade Mid Eastern Hummus,111,4.9g,0.6g,0g,0mg,329.2mg,12.9g,2.3g,2.4g,4.4g
Homemade Red Pepper Hummus,92,4g,0.5g,0g,0mg,293.9mg,10.9g,2g,2.3g,3.7g
Homemade Spicy Hummus,110,5.3g,0.7g,0g,0mg,68.2mg,11.7g,2g,2.2g,4.7g
Honey Glazed Carrots,41,0g,0g,0g,0mg,105mg,9.7g,2.2g,7.4g,1.1g
Honey Glazed Carrots & Parsnips,99,6.5g,1.8g,0g,4.6mg,92.3mg,11.7g,1.1g,6.1g,1.2g
Honey Lemongrass Chicken,153,5.9g,1g,0g,66.5mg,1003mg,10.5g,0.9g,6.6g,14.7g
Honey Mustard Vinaigrette,122,11.5g,1.4g,0g,0mg,182.3mg,4.6g,0g,4g,0.1g
Honey Wheat Bread,35,0.2g,0g,0g,0mg,44.3mg,7.1g,0.4g,0.5g,1.2g
Hot & Spicy Lemongrass Chicken Entree,625,10g,1.1g,0g,66.9mg,875.3mg,101.7g,6.5g,4.4g,31.6g
Hot + Spicy Lemongrass Chicken,241,10.1g,1.1g,0g,89.2mg,1047.1mg,8.2g,1.4g,1.8g,29.4g
Hot Oatmeal,34,0.6g,0.1g,0g,0mg,0.5mg,6.1g,0.9g,0.1g,1.2g
Hot Oatmeal,91,1.6g,0.3g,0g,0mg,1.4mg,16.2g,2.4g,0.2g,3.2g
Huevos Rancheros,210,14.1g,6.7g,0g,65.8mg,410.3mg,11.3g,1.3g,1.9g,8.7g
Hummus,61,4.6g,0.5g,0g,0mg,116.4mg,4.1g,1g,1g,2g
Hummus,276,20.5g,2.7g,0g,0mg,904.6mg,18.3g,3.8g,2.6g,6.6g
Hummus,135,10g,1.3g,0g,0mg,442.1mg,8.9g,1.8g,1.3g,3.2g
Hummus Bowl w/Beef,1052,65.1g,13.1g,1.6g,84.5mg,2355.6mg,76.3g,8.6g,8.4g,43.5g
Hummus Bowl w/Chicken,1028,64.3g,9.6g,1g,99.7mg,2653.3mg,77.4g,7.7g,8.3g,39.5g
Hummus Bowl w/Falafel,1294,71.7g,8.5g,1g,10.1mg,3730.8mg,108.9g,22g,9.7g,33.6g
Hummus Bowl w/Lamb,1139,74.3g,16.2g,1g,105.3mg,2553.5mg,76.2g,7.9g,8.6g,45g
Hunan Pork,109,6g,1g,0g,27.9mg,165.7mg,4.5g,0.8g,2g,9.2g
Hunan Pork,115,4.5g,0.8g,0g,30.6mg,221.3mg,6.1g,1.1g,2.7g,12.4g
INDUUR Dusted Masala Squash,77,4.5g,0.4g,0g,0.3mg,246.7mg,7.9g,1.5g,1.9g,2.3g
Idli,70,1.5g,0.5g,0g,0mg,235mg,11.5g,0g,0g,2.5g
Impossible Burger (Bun Contains Milk),334,13g,5.5g,0g,0mg,619.2mg,31.8g,7.3g,6.5g,23.2g
Indian Street Corn Salad,45,1.1g,0.2g,0g,0mg,75.8mg,9.3g,1g,2.9g,1.6g
Iranian Chicken Kebab,134,8.9g,1.6g,0g,57.2mg,201.1mg,1.4g,0.2g,0.2g,12.1g
Italian Beans Breakfast Bowl,153,11.7g,2.9g,0g,7.6mg,185.4mg,8.6g,1.7g,1.8g,5g
Italian Rstd Mushrooms & Vegetables,45,3.2g,0.5g,0g,0mg,124.2mg,4.8g,0.8g,1.5g,1.8g
Italian Summer Vegetables,44,2.7g,0.4g,0g,0mg,120.7mg,4.7g,1.6g,2.3g,1.2g
Italian Tuna Salad,40,2.4g,0.5g,0g,5.7mg,144.3mg,0.7g,0.2g,0.4g,4.1g
Italian Vegetables & White Beans,49,1.3g,0.2g,0g,0mg,291.4mg,7.5g,2.4g,1.9g,2.7g
Italian White Beans,113,3.2g,0.5g,0g,0mg,237.1mg,16.8g,4.5g,4.2g,5.8g
Jain Family Pulav (Vegetable Rice),100,3.6g,0.3g,0g,0mg,155.8mg,14.9g,1.7g,1.1g,1.8g
Jamaican Carrot and Potato,61,0.7g,0.1g,0g,0mg,193.3mg,12.6g,2g,2.3g,1.6g
Jamaican Rice & Beans,100,1.3g,1.1g,0g,0mg,44.6mg,18.6g,0.8g,0.3g,2g
Japanese Curry Noodles w/Chicken Katsu,204,7.8g,3.1g,0g,73.9mg,537.7mg,25.7g,0.6g,2.3g,6.7g
Japanese Curry Rice Sauce,99,3.9g,1.9g,0g,46.2mg,284.1mg,12.9g,1.8g,3.7g,3.2g
Japanese Pickled Cucumbers,37,0g,0g,0g,0mg,238.2mg,9.2g,0.2g,8.2g,0.3g
Jasmine Rice,558,0g,0g,0g,0mg,0mg,125.5g,3.5g,0g,10.5g
Jasmine Rice,93,0g,0g,0g,0mg,0mg,20.9g,0.6g,0g,1.7g
Jasmine Rice,31,0g,0g,0g,0mg,0mg,6.9g,0.2g,0g,0.6g
Jasmine Rice,92,0g,0g,0g,0mg,0mg,20.7g,0.6g,0g,1.7g
Jerk Chicken,156,11.9g,2.2g,0g,29.8mg,440.3mg,3.5g,0.7g,0.5g,8g
Jerk Chicken Thigh,110,3.6g,1g,0g,81.4mg,195.2mg,1g,0.1g,0.2g,17.1g
Jerk Chicken Wings,194,10.7g,1.4g,0g,43.3mg,613mg,4.6g,1g,0.7g,17.9g
"Jjamppong (Korean Spicy Seafood, Beef Noodle Soup)",294,12.6g,1.2g,0g,82.2mg,658.5mg,41.2g,2.4g,2.1g,16.1g
Jollof (West African Tomato Rice),99,1.7g,0.1g,0g,0mg,164.8mg,17.8g,0.9g,0.8g,1.7g
Jungle Curry Tofu Entree,673,15.9g,6.6g,0g,0mg,784.1mg,113.3g,6.9g,11.9g,21.5g
Jungle Curry w/Tofu & Vegetables,172,10.1g,4.7g,0g,0mg,520.6mg,13.3g,1.1g,6.7g,9g
Kalamata Olives,79,8.4g,0.8g,0g,,502.6mg,0.4g,0.8g,0g,0.5g
Kale & Carrot Salad w/ Pepitas & Tahini,54,3.4g,0.5g,0g,0mg,88.1mg,4.3g,1.1g,1.4g,1.7g
Kapade Family Kidney Bean Curry,99,3.8g,0.3g,0g,0mg,160.1mg,13.2g,2.8g,2.3g,3.9g
Kelp Burger,200,12g,12g,0g,0mg,360mg,13g,5g,0g,11g
Kettle Chips,101,4.6g,0.3g,0g,0mg,96.4mg,13.7g,1g,0g,1.5g
Key West Baked Chicken,86,2.9g,0.8g,0g,67.2mg,195.4mg,0g,0g,0g,14g
Kidney Beans,67,0.2g,0g,0g,0mg,70.9mg,12.4g,2.8g,1.3g,4.2g
Korean BBQ Chicken,341,32.3g,8.7g,0.2g,73.7mg,240.2mg,5.4g,0g,3.9g,7.1g
Korean BBQ Pulmuone Tofu,63,0.9g,0.1g,0g,0mg,174.4mg,11.7g,0.2g,2.5g,1.6g
Korean BBQ Salmon,148,7.9g,1.7g,0g,41.2mg,261.1mg,7.6g,0.1g,4.3g,11.8g
"Korean Black Bean Noodles (Pulmuone Pork, Beef)",506,14.2g,3.1g,0g,21.8mg,1602.3mg,73.1g,2.5g,18.8g,21.7g
Korean Chicken Bulgogi w/Broccoli,78,2.7g,0.7g,0g,48.6mg,198.9mg,2.2g,0.6g,1.2g,11g
Korean Fried Rice w/Nasyoa Kimchi,290,3.7g,0.4g,0g,0mg,544.5mg,53.4g,2g,1.6g,6.1g
Korean Kimchi Pulmuone Tofu w/Nasyoa Kimchi,138,8.3g,1.5g,0g,0mg,330.9mg,5.1g,3.1g,1.7g,12g
Korean Rice,108,0g,0g,0g,0mg,0mg,23.4g,0g,0g,2.4g
Korean Spicy Cucumber Salad,28,1.4g,0.3g,0g,0mg,202.7mg,3.6g,0.4g,1.4g,0.7g
Kung Pao Chicken w/Peanuts,251,7.6g,1.2g,0g,56mg,281.1mg,31.9g,1.4g,7.6g,14g
Kung Pao Peanut Chicken,275,14.1g,2.5g,0.1g,42.7mg,1059mg,21.6g,2g,9.3g,15.2g
Lamb Roganjosh,227,9.2g,2.9g,0g,95.1mg,69.1mg,3g,0.4g,0.6g,31.4g
"Lamb, Bean & Tomato Stew",117,5.6g,1.9g,0g,34.2mg,245.3mg,4.7g,1.4g,0.9g,11.1g
Lasagna Soup w/Turkey Sausage,112,5g,1.9g,0g,18.7mg,543.3mg,10g,1.2g,2.5g,6.2g
Latin Toppings,135,10.5g,6.3g,0.2g,31.1mg,281.6mg,3g,0.5g,1.1g,6.2g
Lavash Bread,38,0.3g,0g,0g,0mg,66.3mg,7.4g,0.3g,0.5g,1.3g
Lebanese Chicken Kebab,130,6.7g,1.4g,0g,73.8mg,161.7mg,1.1g,0.2g,0.1g,15.6g
Lemon Banana Olive Oil Cake,148,5.2g,0.7g,0g,0mg,127.5mg,25g,0.3g,14.7g,1.3g
Lemon Blondie,272,11.6g,1.2g,0g,33.6mg,120mg,40.1g,0.5g,28.5g,2.9g
Lemon Blondie,181,7.7g,0.8g,0g,22.4mg,80mg,26.7g,0.4g,19g,1.9g
Lemon Garlic Grilled Chicken,102,3g,0.5g,0g,57mg,115.1mg,0.5g,0g,0.1g,17.9g
Lemon Onion Salad,11,0g,0g,0g,0mg,71.3mg,2.5g,0.5g,0g,0.3g
Lemon Oregano Roasted Chicken,145,10.1g,2.8g,0g,41.5mg,86.4mg,1.6g,0.4g,0.3g,10.7g
Lemon Parmesan Broccoli,40,2.9g,0.6g,0g,1.4mg,202.3mg,2.4g,2.6g,1.7g,2.9g
Lemon Pepper Chicken Thigh,86,2.9g,0.8g,0g,67.2mg,323mg,0g,0g,0g,14g
Lemon Pepper Roasted Potatoes,89,2.5g,0.2g,0g,0mg,264.1mg,14.4g,0.1g,0g,1.7g
Lemon Quinoa w/Craisins & Thyme,87,2.3g,0.2g,0g,0mg,265.2mg,15.2g,1.9g,6g,1.7g
Lemon Rice Pilaf,92,0.2g,0g,0g,0mg,97.1mg,19.2g,0.7g,0.2g,1.7g
Lemon White Chip Cookie,400,22g,9g,0g,30mg,240mg,50g,0g,30g,4g
Lemon White Choc Chip Cookie,200,11g,4.5g,0g,15mg,120mg,25g,0g,15g,2g
Lemongrass Chicken,151,6g,1.2g,0g,86.9mg,588.4mg,4.7g,0.5g,2.7g,18.8g
Lemongrass Chicken Entree,595,8.4g,1.5g,0g,86.9mg,678.4mg,100.2g,5.9g,5.7g,28.3g
Lemongrass Pork,219,7.8g,2.1g,0g,78.7mg,1060.5mg,8g,0.6g,5.2g,29g
Lemongrass Pork Entree,676,10.3g,2.5g,0g,78.7mg,1160.1mg,106.3g,7.1g,9.7g,39.3g
Lemongrass Pulmuone Tofu w/Peanuts,208,15.4g,2.3g,0g,0mg,181.6mg,6.7g,3.2g,0.6g,12.8g
Lentil Burrito,370,6.1g,2.5g,0g,0mg,523.2mg,72g,14.6g,1.2g,19.3g
Lentil Nachos,791,39.8g,15.8g,0g,91.1mg,731.2mg,83.2g,12.5g,0.7g,38.1g
Lentil Quesadilla,705,33.6g,17.7g,0g,91.1mg,1069.9mg,75g,14.6g,1.2g,40.6g
Lentil Salad,196,1g,0g,0g,0mg,112.7mg,44.6g,13.5g,2.5g,15g
Lettuce,3,0g,0g,0g,0mg,1.9mg,0.6g,0.2g,0.4g,0.2g
Lime Wedge,1,0g,0g,0g,0mg,0.1mg,0.5g,0.1g,0.1g,0g
Linguini Pasta,142,0.7g,0g,0g,0mg,30.9mg,29.8g,1.5g,0.7g,6g
"Linguini w/Basil Pesto Cream, Tomatoes",183,7.2g,2.9g,0.1g,14.8mg,49.7mg,25.5g,1.4g,1.4g,6g
"Linguini w/Creamy Pesto, Tomato & Artichokes",159,9.1g,1.6g,0g,4.2mg,451.3mg,16.2g,1.3g,1.1g,4.9g
Local Pickle Chips,3,0.1g,0g,0g,0mg,229.6mg,0.7g,0.3g,0.3g,0.1g
Local Red Onions,12,0g,0g,0g,0mg,0.3mg,2.8g,0.6g,1.6g,0.3g
Local Roasted Sweet Potatoes,121,5.8g,0.4g,0g,0mg,72mg,16.3g,2.5g,3.4g,1.3g
Local Roasted Sweet Potatoes,163,7.7g,0.6g,0g,0mg,97.2mg,22.3g,3.3g,4.6g,1.7g
Local Roasted Sweet Potatoes,164,8g,0.6g,0g,0mg,97.7mg,22g,3.3g,4.6g,1.7g
Local Seasoned Mashed Potatoes,101,3.3g,2.1g,0g,9.6mg,136.6mg,15.6g,1.7g,2g,2.6g
Lowfat Chocolate Milk,172,4.3g,2.7g,0.1g,18.1mg,149.7mg,27.5g,1.6g,21.7g,6.8g
Lyonnaise Potatoes,76,2.7g,0.4g,0g,0mg,67.2mg,12.3g,0.2g,0.9g,1.4g
M & M Brownies,260,11g,2.3g,0g,15.8mg,162mg,37.7g,1.2g,26.3g,2.2g
M&M Brownies,173,7.3g,1.6g,0g,10.5mg,108mg,25.1g,0.8g,17.6g,1.4g
M&M Choc Chip Cookie,380,16g,8g,0g,30mg,210mg,44g,2g,32g,4g
M&M Chocolate Chip Cookie,190,8g,4g,0g,15mg,105mg,22g,1g,16g,2g
Maharashtrian Lentils,100,1.8g,0.1g,0g,0mg,141.5mg,14.7g,3g,1.1g,5.4g
Malaysian Beef Rendang,151,10.4g,6.4g,0g,31.9mg,102.5mg,3g,0.5g,1.9g,10.6g
Malaysian Roasted Chicken w/Almonds,135,6.8g,1.9g,0g,73.4mg,215.5mg,4.4g,0.6g,1.6g,13.9g
Malva Pudding Cake,70,2.9g,1.8g,0.1g,12.6mg,37.7mg,10.4g,0.1g,7.5g,0.8g
Mandarin Chicken w/Cashews,162,9.6g,1.1g,0g,14.3mg,260.5mg,11.3g,1.6g,4.4g,8.3g
Mango & Watermelon Salad,38,1.5g,0.1g,0g,0mg,48.5mg,5.9g,0.6g,4g,0.4g
Mango Salsa,20,0g,0g,0g,0mg,121.5mg,4.1g,0g,3g,0g
Manicotti,218,10.4g,5.8g,0.2g,39.6mg,417.9mg,20.3g,1.7g,1.9g,12.4g
Maple Cracked Wheat Bread,101,1.5g,0.1g,0g,0mg,162.7mg,17.9g,0.9g,1.8g,3.2g
Maple Cranberry Brussels Sprouts,57,1.8g,0.2g,0g,0mg,79.7mg,9.4g,3.1g,3.7g,2.4g
Maple Roasted Delicata Squash,70,4.2g,0.6g,0g,0mg,58.4mg,8.9g,0g,3.9g,0.4g
Maple Roasted Sweet Potatoes,100,2.9g,0.2g,0g,0mg,179.1mg,17.7g,2.4g,5.5g,1.3g
Maple Walnut Sticky Bun,329,15.6g,7.5g,0g,31.4mg,202.2mg,45.6g,1.4g,29g,3.8g
Margherita Chicken,161,9.6g,2.7g,0g,52.5mg,193mg,1.8g,0.3g,0.7g,16.4g
Margherita Eggplant w/Pesto,136,11g,3g,0g,13.6mg,257mg,5g,1.8g,2.3g,4.8g
Marinara Sauce,27,1.6g,0.2g,0g,0mg,137.5mg,3.2g,0.9g,2.3g,0.9g
Marinated Artichoke Hearts,27,1.5g,0.2g,0g,0mg,162.1mg,2.9g,0.5g,0g,1g
Marinated Artichokes,28,1.5g,0.2g,0g,0mg,228.7mg,3g,0.5g,0g,1g
Marinated Beef,137,5.5g,2.1g,0g,48.1mg,288.4mg,6.6g,2.3g,0.9g,17.1g
Marinated Beef Rice Bowl,305,6.2g,2.3g,0g,48.1mg,289.5mg,42.7g,3.3g,1g,20.5g
Marinated Cabbage,10,0.2g,0g,0g,0mg,57.4mg,2.3g,0.9g,1.1g,0.4g
Marinated Chicken,133,3.9g,1g,0g,88mg,297.5mg,4.7g,0.3g,3.2g,18.8g
Marinated Chicken Rice Bowl,302,4.5g,1.2g,0g,88mg,298.7mg,40.9g,1.3g,3.4g,22.2g
"Marinated Kale, Bean & Tomato Salad",41,2.2g,0.3g,0g,0mg,80.1mg,4.3g,1.3g,1g,1.6g
Marinated Lentil Rice Bowl,352,1.5g,0.2g,0g,0mg,105.3mg,78.3g,13.6g,1.1g,17.7g
"Marinated Olives, Tomatoes & Artichokes",80,7.6g,1.8g,0g,0mg,333.3mg,2.8g,0.7g,0.5g,0.4g
Marinated Tomato & Mozzarella Salad,63,4.4g,2.5g,0g,10.1mg,149.5mg,1.4g,0.3g,0.8g,3.7g
Masala Dosa,113,1.8g,0.7g,0g,2.9mg,262.6mg,19.9g,0.7g,0.3g,3.7g
Mashed Potato Bowl w/Chicken,393,24.6g,9.1g,0.2g,58.9mg,568.3mg,26.1g,1.9g,3.3g,18.1g
Mashed Potatoes,76,2.5g,1.6g,0g,7.2mg,102.5mg,11.7g,1.3g,1.5g,1.9g
Matbucha,40,2.3g,0g,0g,0mg,180.6mg,4.5g,1.5g,2.5g,1g
Mayonnaise,140,15.4g,2.1g,0g,14mg,105mg,1.4g,0g,0g,0g
McNulty Family Chicken Pot Pie,182,10.1g,4.4g,0g,30.3mg,123.7mg,14.7g,0.7g,1.7g,7.9g
Meat Lasagna,131,3g,3g,0g,10.1mg,382.7mg,17.6g,1g,4.5g,8.6g
Meat Lasagna,130,3g,3g,0g,10mg,379.7mg,17.5g,1g,4.5g,8.5g
Meatball Grinder,379,23.8g,10.4g,0.1g,49.9mg,872mg,63.9g,0.4g,3.7g,18.6g
Meatball Grinder,817,51.9g,22.2g,0.2g,111.1mg,1815.7mg,127.5g,1.2g,8g,42.6g
Meatball Sauce,185,14.4g,5.9g,0g,28.8mg,436.6mg,31.1g,0.5g,2.4g,9.5g
Mediterranean Breakfast Bowl,151,11.7g,2.8g,0g,0mg,302.6mg,11.1g,2.5g,1g,4.1g
Mediterranean Chicken Bowl,412,25.6g,4.9g,0g,52.7mg,1418.2mg,26g,4g,2.7g,20.7g
Mediterranean Chicken Salad,760,49.2g,12.6g,0g,106.4mg,1511mg,35.1g,6.8g,7.5g,49.5g
Mediterranean Chicken Wrap,1095,59.2g,13.6g,0g,106.4mg,1741mg,87.6g,11.3g,8.5g,59g
Mediterranean Couscous,92,1g,0.1g,0g,0mg,157.1mg,19.8g,1.4g,10.2g,1.8g
Mediterranean Pasta Salad,163,7.3g,1.5g,0g,0mg,215.2mg,21.4g,2g,4.7g,5.3g
Mediterranean Tomato Sauce,53,3.5g,0.3g,0g,0mg,169.5mg,4.6g,1g,1.3g,1.1g
Mediterranean Wrap w/Beef,872,50.9g,12g,0.6g,84.5mg,835.7mg,66.3g,5.6g,4.4g,38.6g
Mediterranean Wrap w/Chicken + Almonds,848,50.1g,8.6g,0g,99.7mg,1133.4mg,67.4g,4.7g,4.2g,34.6g
Mediterranean Wrap w/Falafel,1114,57.6g,7.5g,0g,10.1mg,2210.9mg,98.9g,19.1g,5.6g,28.7g
Mediterranean Wrap w/Lamb,931,58.1g,14.5g,0g,103.6mg,996mg,64.6g,4.9g,3.7g,38.7g
Mee Goreng,107,1.3g,0.1g,0g,0mg,233.4mg,19.7g,1.1g,0.5g,4.2g
Mei Fun Noodles,202,3.1g,0.5g,0g,38.7mg,349mg,38.2g,1.6g,1.1g,3.3g
Mesclun Greens w/Almonds and Blueberry-Basil Vinaigrette,87,7.5g,0.5g,0g,0mg,86.8mg,4.3g,0.5g,1.5g,2.3g
Mexican Brownie,253,11g,2.9g,0g,15.9mg,152.8mg,36.4g,1.3g,24.8g,2g
Mexican Brownie,169,7.3g,1.9g,0g,10.6mg,101.9mg,24.3g,0.9g,16.5g,1.3g
Mexican Migas (Tortilla Scrambled Eggs),138,9.2g,3.5g,0.1g,192.8mg,281.2mg,4.4g,0.4g,0.4g,9.6g
Mexican Quinoa & Black Bean Salad,62,1.9g,0.2g,0g,0mg,101.8mg,9.1g,1.4g,0.8g,2.1g
Mexican Rice,106,2.5g,0.2g,0g,0mg,126.4mg,18.7g,1g,0.8g,1.7g
Mexican Rice,40,0.6g,0g,0g,0mg,31.7mg,7.5g,0.4g,0.3g,0.7g
Mexican Rice,86,0g,0g,0g,0mg,10.6mg,18.1g,0.7g,0.3g,1.7g
Mexican Salsa,10,0.3g,0g,0g,0mg,35mg,1.5g,0.3g,0.5g,0.2g
Mexican Style Potatoes,88,3.2g,1.1g,0.1g,5.1mg,72.3mg,12.6g,0.1g,1.1g,2.7g
Mexican Tomato Salad,40,2.9g,0.9g,0g,2.7mg,72.5mg,2.4g,0.5g,1.4g,1.2g
Mid East Olive Salad,111,10.6g,2.8g,0g,0mg,456mg,4g,0.3g,0.7g,0.2g
Mid East Olive Salad,56,5.3g,1.4g,0g,0mg,228mg,2g,0.2g,0.4g,0.1g
Mid East Roasted Vegetables,32,1.8g,0.3g,0g,0mg,58.2mg,3.6g,1g,1.9g,0.8g
Middle Eastern Braised Eggplant,33,1.3g,0.1g,0g,0mg,47.3mg,5.1g,2.1g,2.5g,0.9g
Middle Eastern Fried Chickpeas,189,10g,0.6g,0g,0mg,131mg,19.4g,3.9g,3.7g,6.5g
Middle Eastern Saffron Rice w/Pine Nuts,144,2.3g,0.2g,0g,0mg,77.1mg,27g,1.4g,1.6g,2.8g
Minestrone Soup,50,0.6g,0g,0g,0mg,299.7mg,9.4g,2.5g,2.5g,2.5g
Mini Apple Danish,121,6g,3.5g,0g,20.2mg,131mg,14.1g,1g,4g,2g
Mini Butter Croissant,150,8g,5g,0g,30mg,180mg,15g,1g,2g,3g
Mini Cheese Danish,151,9.1g,5g,0g,35.3mg,171.4mg,15.1g,0g,5g,3g
Mini Chocolate Croissant,161,9.5g,5.4g,0g,30.3mg,172.2mg,16.9g,0.2g,3.5g,3.2g
Mini Cinnamon Bun,170,8g,4.5g,0g,20mg,200mg,22g,1g,6g,3g
Mini Cinnamon Bun,510,24g,13.5g,0g,60mg,600mg,66g,3g,18g,9g
Mint Chip Muffin Top,272,14.2g,2.5g,0g,44.8mg,155.1mg,33.8g,0.7g,19.7g,3.3g
Mint Chutney,27,1.8g,0.1g,0g,0mg,220.2mg,2.7g,0.9g,0.5g,0.5g
Miso Ginger Pulmuone Tofu and Broccoli,179,6.8g,1.1g,0g,0mg,267.5mg,21.5g,2.2g,19g,10.1g
Miso Tofu Noodle Soup,225,8.9g,0.5g,0g,0mg,751.7mg,39.4g,2.9g,2.2g,9g
Mixed Berry Crisp,118,4.1g,1.3g,0g,0mg,53.9mg,21.2g,1.4g,14.2g,0.8g
Momo Chicken Dumpling,40,1.2g,0.1g,0g,7mg,143.1mg,4.8g,0.3g,0.4g,2.3g
Montreal Chicken Thigh,86,2.9g,0.8g,0g,67.2mg,174.2mg,0g,0g,0g,14g
Montreal Roast Potatoes,93,0.9g,0.1g,0g,0mg,271.5mg,19.5g,2.3g,0.9g,2.3g
Morocan Beef Kefta in Tomato Onion Sauce,172,11.1g,3.3g,0.3g,40.4mg,83.4mg,5g,1g,2.2g,12.9g
Moroccan Carrot Salad,31,1.1g,0.2g,0g,0mg,149.6mg,5g,1.5g,3.2g,0.8g
Moroccan Chickpea & Vegetable Tagine,69,1.6g,0.2g,0g,0mg,136.3mg,12.2g,2.3g,3.8g,2.1g
Moroccan Kefta Brochette (Lamb),131,10.4g,4.5g,0g,31.5mg,46.7mg,1.4g,0.5g,0.1g,7.7g
Moroccan Lamb Skewers,353,26.7g,8.9g,0g,93.5mg,344.1mg,3.1g,0.4g,0.2g,24.4g
Moroccan Rice w/Almonds,36,0.6g,0.1g,0g,0mg,44.6mg,6.7g,0.3g,0.9g,0.7g
Moroccan Rice w/Raisins,83,0.6g,0.1g,0g,0mg,116.4mg,17.1g,0.7g,2.4g,1.4g
Moroccan Roasted Carrots,39,0.5g,0.1g,0g,0mg,120.9mg,8.1g,2.2g,5.9g,1.1g
Moroccan Salmon w/Tahini Sauce & Almonds,76,5.9g,0.9g,0g,16.9mg,27.8mg,1.1g,0.1g,0.2g,5.2g
Moroccan Stewed Lentils,32,0.6g,0.1g,0g,0mg,44.1mg,6.2g,1.9g,0.1g,2.1g
Moroccan Tomato Onion Salad,16,1.2g,0.2g,0g,0mg,54.7mg,1.3g,0.3g,0.7g,0.2g
Mozzarella Sticks,189,11.5g,3g,0g,14.8mg,496.6mg,14.1g,0g,0.7g,6.7g
Mujadara (Rice),111,0.6g,0g,0g,0mg,49mg,22.3g,2.6g,0.2g,3.8g
Multigrain Croissant,150,8g,4.5g,0g,25mg,140mg,17g,1g,2g,4g
Mushroom & Eggplant Yassa,45,2.1g,0.2g,0g,0mg,318.7mg,6.5g,2g,2.2g,1.4g
Mushroom Cream Sauce,128,12.5g,7.2g,0.4g,37.1mg,89.5mg,2.4g,0.3g,1.8g,2.3g
Mushroom Vegetable Congee,83,0.7g,0.1g,0g,0mg,318.4mg,17.6g,1.6g,1.7g,2.6g
Mussaman Curry (Chicken),141,9.7g,5.3g,0g,12.5mg,319.1mg,9.6g,0.6g,4.5g,3.5g
Naan,130,1.7g,0.6g,0g,0mg,175.7mg,24.9g,1.1g,1.1g,4g
Naan Bread,115,1.5g,0.5g,0g,0mg,155mg,22g,0g,1g,3.5g
Nacho Bar,382,22.5g,7.3g,0.2g,28.7mg,965.3mg,33.2g,1g,2.6g,7.6g
Nacho Cheese Sauce,96,8.4g,5.1g,0.2g,25.8mg,321mg,1.7g,0g,0.7g,3.6g
Nashville Hot Chic'n,152,7.9g,3.7g,0g,15.7mg,344.3mg,2.6g,0.1g,1.5g,16.7g
Nashville Hot Chicken Leg,209,10.5g,4.9g,0g,91.8mg,864.9mg,12.5g,0.6g,2.1g,15.2g
Nasi Lemak (Coconut Rice) from Malaysia,138,6.7g,3.3g,0g,4mg,61mg,16.5g,0.5g,0.2g,1.6g
Native Three Sisters Soup,94,2.5g,0.3g,0g,0mg,405.9mg,15.6g,3.1g,1.9g,3.1g
New England Scallop Roll,304,13.7g,1.7g,0g,8.4mg,512.1mg,40g,0.6g,3.1g,9.3g
Nigerian Beef Stew,114,5.4g,1.1g,0.1g,34.4mg,216.7mg,3.7g,0.9g,2.1g,12.2g
Nori,24,0g,0g,0g,0mg,119mg,2.4g,1.2g,0g,2.4g
O'Brien Potatoes,72,2.2g,0.2g,0g,0mg,14.5mg,12g,0.2g,1.2g,1.5g
OATLY Chocolate Soft Serve,204,7.9g,1.1g,0g,0mg,62.4mg,31.8g,0g,21.5g,2.3g
OATLY Vanilla Soft Serve,215,9.1g,1.1g,0g,0mg,62.4mg,31.8g,1.1g,22.7g,1.1g
Oatmeal Raisin Cookie,360,16g,6g,0g,40mg,210mg,52g,2g,28g,4g
Oatmeal Raisin Cookie,180,8g,3g,0g,20mg,105mg,26g,1g,14g,2g
Olive Rosemary Bread,35,0.4g,0.1g,0g,0mg,20mg,6.5g,0.4g,0g,1.2g
Olive Tapenade,66,6.6g,0.7g,0g,0mg,441.6mg,1.4g,0.4g,0g,0.3g
Olives,38,3.8g,0g,0g,0mg,548.1mg,1.9g,0g,0g,0g
Omelet Bar,298,22.2g,10.8g,0.3g,290.9mg,671.2mg,2.9g,0.2g,0.9g,21g
Onion Rings,553,37.8g,4.3g,0g,0mg,1207.6mg,48g,0g,6g,4g
Onion and Parsley Salad,53,3.8g,0.5g,0g,0mg,84.8mg,5g,1.1g,0.1g,0.8g
Onions,3,0g,0g,,0mg,0.2mg,0.6g,0.1g,0g,0.1g
Orange Chicken,653,44.8g,5.4g,0g,93.7mg,659mg,42.2g,1.1g,14g,21.1g
Orange Chicken Entree,1097,47.3g,5.7g,0g,93.7mg,749mg,137.7g,6.5g,17g,30.6g
Orange Juice,120,0g,0g,0g,0mg,0mg,29g,0g,28g,0g
Orange Sugar Cookie,175,9.7g,3.1g,0g,18mg,52.2mg,20.2g,0.1g,10.2g,1.5g
Orecchiette Pasta,109,0.5g,0g,0g,0mg,150.1mg,22.9g,1.6g,0.5g,3.8g
Orecchiette Pasta,145,0.7g,0g,0g,0mg,200.1mg,30.6g,2.2g,0.7g,5.1g
"Orecchiette w/Sausage, Broccolini & Tomatoes",131,5.7g,1.5g,0g,10.4mg,214.4mg,15.2g,1.2g,0.5g,5.3g
Organic Black Bean Soup,119,1.6g,0g,0g,0mg,455.8mg,21.2g,5g,1.9g,6.9g
Oven Roasted Summer Squash,20,0.7g,0.1g,0g,0mg,103.2mg,3.4g,1.1g,1.9g,0.7g
Oven Roasted Tomatoes,76,5.7g,0g,0g,0mg,207.9mg,5.7g,1.9g,1.9g,1.9g
Pad Kra Pao Moo (Pork),132,9.3g,2.6g,0g,21.7mg,591.5mg,6g,0.9g,3.4g,6g
Pad Thai w/Peanuts,215,11.3g,1.2g,0g,23.6mg,542.5mg,25.2g,1.2g,7.5g,4.2g
"Pancake Bar (Peanuts, Almonds, Walnuts)",355,14.6g,6.2g,0g,25.7mg,489.1mg,51.5g,1.1g,17.4g,6.6g
Paneer Bhurji,275,21g,11.1g,0g,64.8mg,140.1mg,7g,0.6g,1.3g,15.3g
Paneer Tikka Masala,270,21.5g,12.7g,0.2g,71.9mg,129.4mg,6.3g,0.1g,2.5g,13.4g
Paprika Lemon Vinaigrette,146,16.5g,1.9g,0g,0mg,98.2mg,1g,0.1g,0.5g,0g
Paradise Roll,515,23.5g,3.5g,0g,56.5mg,800.2mg,56.1g,1.7g,3g,19.1g
Parmesan Cheese,17,1.7g,0.8g,0g,4.2mg,58.4mg,0g,0g,0g,1.7g
Parmesan Herb Roasted Cauliflower,52,2.7g,0.3g,0g,3.8mg,39.7mg,4.9g,1.6g,2.3g,2.9g
Parmesan Leek Pastry,164,9.5g,5.5g,0g,29.9mg,244.2mg,16g,0.5g,2.5g,4g
Parmesan Rosemary Focaccia Bread,44,1.1g,0.2g,0g,0.4mg,68.1mg,6.7g,0.3g,0.2g,1.5g
Pasta Shells,148,0.8g,0g,0g,0mg,16.2mg,31.2g,1.6g,0.8g,6.2g
Pasta Supreme,170,5.6g,2.5g,0.2g,16.4mg,306mg,23g,1.3g,0.6g,8.2g
Peach Blueberry Hazelnut Oat Crisp,160,8g,4.9g,0g,0mg,30.5mg,20.9g,0g,11.5g,2.1g
Pearl Sugar Waffle Sundae,802,35.4g,19.5g,0.5g,60.6mg,454.4mg,115.3g,1.4g,72.7g,7.9g
Pearl Sugar Waffles,180,10g,5g,0g,10mg,190mg,20g,1g,9g,2g
Pearl Sugar Waffles,240,12g,6g,0.5g,20mg,230.2mg,29g,0g,15g,3g
Penne Pasta,147,0.8g,0g,0g,0mg,504mg,30.9g,1.5g,0.4g,6.2g
Penne w/Basil Pesto Cream & Sun Dried Tomatoes,146,5.2g,1.6g,0.1g,7.9mg,63.7mg,21.4g,1.3g,1.7g,5.1g
Penne w/Meatballs & Creamy Tom Sauce,248,14g,6g,0.1g,32.2mg,282.4mg,38g,1.2g,2.7g,10.9g
"Penne w/Mushrooms, Tomatoes & Spinach",153,8.9g,4g,0.2g,19.1mg,60.5mg,15.5g,1.5g,1.7g,4.4g
"Penne w/Peas, Tom",151,7.1g,2.8g,0.1g,13.8mg,175.5mg,17.5g,1.4g,2.3g,5.1g
"Penne w/Spinach, Goat Cheese & Tomato Pesto",167,5.6g,1.8g,0g,4.5mg,288.6mg,24.6g,1.6g,2.2g,6.7g
Pepperoncini,3,0g,0g,,0mg,306.7mg,0.6g,0g,0.6g,0g
Pepperoni Pizza,217,7g,3.4g,0.1g,18.8mg,510.9mg,29g,1.2g,0.5g,8.9g
Pepperoni Pizza,536,23.3g,11.6g,0.4g,64.4mg,1417.6mg,56.6g,2.6g,1.9g,23.3g
Peppers Red Roasted,5,0g,0g,0g,0mg,67.6mg,1.5g,0g,1.1g,0.2g
Persian Lamb Tagine w/Almonds,118,3.6g,0.6g,0g,17.3mg,225.4mg,15.9g,1.6g,7.7g,6.6g
Persian Rice,161,0g,0g,0g,0mg,72.7mg,34.8g,1.8g,0g,3.4g
Persian Roast Vegetables,28,0.7g,0.1g,0g,0mg,46.4mg,6.4g,1g,2.2g,1g
Peruvian Arroz con Pollo,297,13.4g,4g,0g,66.3mg,190mg,21.3g,1.4g,0.9g,19.2g
Peruvian Chicken w/Aji Verde,95,3.6g,0.9g,0g,67.2mg,124.8mg,0.6g,0.1g,0g,14.2g
Peruvian Rice,126,3.3g,0.2g,0g,0mg,236.1mg,20.5g,1.4g,0.4g,2.3g
Peruvian Roast Chicken w/Aji Verde,111,7.9g,2g,0g,30.8mg,108.3mg,1.5g,0.3g,0.2g,7.9g
Peruvian Shrimp,51,1.6g,0.3g,0g,39.5mg,102.1mg,4.2g,0.5g,0.2g,4.8g
Peruvian Shrimp & Potato Tostada Garnish,56,2.3g,0.3g,0g,0mg,143.2mg,7.7g,0.4g,0.3g,0.7g
Peruvian Zucchini & Corn,57,2.7g,0.4g,0g,0mg,110.3mg,7.8g,1.1g,1.9g,1.4g
Pesto Pasta Bar,466,20g,5g,0g,56.7mg,382.9mg,49.2g,2.7g,2.2g,23.7g
Pesto Sauce,242,24g,2.9g,0.1g,5.7mg,472.3mg,2.6g,0.4g,0.4g,3.9g
Philly Cheese Steak Grinder,322,17.3g,7.1g,0g,53.2mg,745mg,24.1g,0.3g,1.9g,18.3g
Pho Noodles,11,0g,0g,0g,0mg,1.7mg,2.7g,0g,0g,0.2g
Pho Toppings,34,1.4g,0.3g,0g,0mg,6.4mg,2.9g,1.1g,0.3g,3g
Pickled Cabbage and Cucumber,6,0g,0g,0g,0mg,84.4mg,1.6g,0.6g,0.9g,0.3g
Pickled Daikon,13,0g,0g,0g,0mg,70.8mg,3.1g,0g,2.8g,0.1g
Pickled Daikon & Carrots,8,0g,0g,0g,0mg,9.5mg,1.5g,0.2g,1.1g,0.2g
Pickled Ginger,76,0g,0g,0g,0mg,378mg,15.1g,3.8g,7.6g,0g
Pickled Red Onions,16,0g,0g,0g,0mg,85.9mg,3.9g,0.6g,2.8g,0.2g
Pickled Red Onions,15,0g,0g,0g,0mg,86.7mg,3.7g,0.4g,2.4g,0.3g
Pickled Winter Moon Root Vetegables,15,0.1g,0g,0g,0mg,153.5mg,3.3g,0.5g,1.9g,0.4g
Pico De Gallo,16,0g,0g,0g,0mg,4.8mg,3.5g,0.8g,2g,0.5g
Pink Panther Roll,432,17.7g,2.7g,0g,73mg,812.2mg,48.3g,1.5g,8.3g,18.7g
Pink Pickled Turnip,5,0g,0g,0g,0mg,57.6mg,1.2g,0.3g,0.8g,0.1g
Pinto Beans,153,3.1g,0.2g,0g,0mg,341.1mg,23.9g,0.4g,0.8g,5.3g
Pinto Beans,86,1.6g,0.1g,0g,0mg,283.5mg,14g,2.9g,0.9g,4g
Piri Piri Fish,83,1g,0.2g,0g,37.3mg,135.1mg,2g,0.3g,1.3g,15.6g
Pita Bread,180,0.5g,0g,0g,0mg,220mg,37g,0g,1g,7g
Pita Bread,270,5g,0g,1g,0mg,490mg,46g,3g,2g,9g
Pita Bread,90,0.3g,0g,0g,0mg,110mg,18.5g,0g,0.5g,3.5g
Pita Chips,129,6.8g,0.5g,0g,0mg,349.5mg,14.4g,0.3g,0.4g,3.2g
Plain Sushi Rice,145,0g,0g,0g,0mg,0mg,31.3g,0g,0g,3.2g
Plant Based Apple Cobbler,148,3.7g,1.3g,0g,0mg,109.7mg,27.8g,1.2g,14.3g,1.4g
Plant Based Awesome Cheeseburger,378,15.5g,5.2g,0g,0mg,606.3mg,37.1g,1g,3g,18.8g
Plant Based Baked Ziti,171,8g,4.9g,0g,0.1mg,238.1mg,19.3g,2.1g,1.2g,5.4g
Plant Based Beef Taco Filling,39,1.9g,0.9g,0g,0mg,58.4mg,2.5g,1.1g,0.4g,3.1g
Plant Based Bolognese Sauce,32,0.9g,0.4g,0g,0mg,149.6mg,4g,1.4g,1.8g,1.9g
Plant Based Boneless BBQ Chic'n,156,5.1g,0g,0g,0mg,451.6mg,16.8g,2g,3g,11.4g
Plant Based Boneless Buffalo Chic'n Wings,139,5.1g,0g,0g,0mg,526.6mg,12.3g,1.7g,0.1g,11.1g
Plant Based Broccoli Chic'n Alfredo Pasta,146,6.9g,1.6g,0g,6.1mg,273.8mg,13.4g,1.7g,1.3g,9.3g
Plant Based Buffalo Chic'n,210,8g,1g,0g,0mg,360.2mg,23g,5g,2g,14g
Plant Based Buffalo Chic'n Quesadilla,142,7.2g,5.2g,0g,0mg,403.1mg,14.9g,0.5g,0.2g,4.7g
Plant Based Cheddar Cheese Slice,29,2.2g,1g,0g,0mg,56mg,2.4g,0g,0g,0.5g
Plant Based Chic'n & Vegetable Stir Fry,190,2.4g,0.5g,0.4g,1.6mg,3852.6mg,31.6g,1.7g,21.8g,9.8g
Plant Based Chic'n Bean Fajita Bake,134,5.3g,2.1g,0g,0mg,234.3mg,10g,3g,1.5g,11.3g
Plant Based Chic'n Broccoli Supreme w/Pasta,235,9.4g,1.7g,0g,0mg,290.8mg,29.4g,1.8g,0.6g,8.2g
Plant Based Chic'n Fried Rice,114,0.6g,0g,0g,0mg,83.6mg,23.1g,1.3g,0.6g,3.4g
Plant Based Chic'n Gyro w/Bread & Rice,301,3.5g,0.5g,0g,0mg,451.8mg,55.7g,2.2g,1.2g,12.6g
Plant Based Chic'n Parmesan,109,6g,3g,0g,0mg,375.7mg,5.5g,1.2g,0.4g,9.7g
Plant Based Chic'n Souvlakia,97,4.5g,0.7g,0g,0mg,352.9mg,5.7g,1.4g,0.3g,10g
Plant Based Chic'n Tinga,60,1.7g,0.1g,0g,0mg,237.4mg,2.2g,0.3g,0.7g,8.4g
Plant Based Chorizo & Jalapeno Quesadilla,92,2.8g,0.3g,0g,0mg,155.7mg,13.3g,1.5g,0.3g,3.8g
Plant Based Chorizo Crumbles,53,3.8g,0.5g,0g,0mg,201.8mg,2.9g,2.4g,0.5g,4.3g
Plant Based Chorizo Crumbles,106,7.7g,1g,0g,0mg,403.6mg,5.8g,4.8g,1g,8.7g
Plant Based Lemon Garlic Grilled Chic'n,151,7.1g,1.2g,0g,0mg,572.8mg,5.6g,2g,0.1g,19.1g
Plant Based Lemon Pepper Chic'n,560,24g,4g,0g,0mg,2265.4mg,20g,8g,0g,76g
Plant Based Ma Po Tofu,162,9.2g,2.6g,0g,0mg,410.6mg,9.8g,3.3g,4.4g,11.2g
Plant Based Meatballs w/Arrabiatta Sauce,190,9.6g,0.8g,0g,0mg,538.1mg,13.2g,1g,3.2g,16.2g
Plant Based Mediterranean Chic'n Penne,144,4.6g,0.3g,0g,0mg,434.5mg,13g,1.2g,1g,13.1g
Plant Based Mediterranean Chic'n Penne,72,2.3g,0.2g,0g,0mg,217.3mg,6.5g,0.6g,0.5g,6.6g
Plant Based Moroccan Meatballs w/Spicy Tomato,192,9.6g,0.8g,0g,0mg,546.7mg,13.4g,1.1g,3.3g,16.2g
Plant Based Nuoc Cham,32,0g,0g,0g,0mg,1210.3mg,8.5g,0.2g,7.5g,0.2g
Plant Based Pasta Supreme,165,4.5g,2.4g,0g,0mg,241.9mg,25.9g,2g,0.7g,6.8g
"Plant Based Pasta w/Chic'n, Spinach, & Sundried Tomatoes",192,3.7g,0.3g,0g,0mg,140.7mg,23.8g,4.1g,6.2g,13g
Plant Based Pulmuone Beef Fajitas,188,7.7g,1.6g,0g,0mg,387.8mg,23.1g,3.6g,3.5g,7.7g
Plant Based Pulmuone Shaved Steak w/Onions & Peppers,210,12.6g,1.5g,0g,0mg,451.9mg,14.2g,5.1g,8.1g,12.3g
Plant Based Pulmuone Steak & Mushroom Grinder,411,15.6g,2.9g,0g,0mg,740.8mg,48.9g,5.3g,9.4g,21.1g
Plant Based Savory Baked Chic'n,173,6g,1g,0g,0mg,642.3mg,13.8g,2.1g,8.3g,19.1g
Plant Based Snickers Bar (Peanuts),169,9.9g,3.9g,0g,0mg,29.6mg,19.4g,2.4g,15.3g,3.1g
Plant Based Sriracha Maple Glazed Chic'n,178,6g,1g,0g,0mg,787.3mg,14.1g,2g,7.1g,19.1g
Plant-Based Condiments Bar w/Almonds,253,19.2g,2.4g,0g,2.7mg,353.9mg,12.4g,1.8g,6.9g,7.1g
Plantain Chips,154,9.1g,4g,0g,0mg,73.4mg,17.6g,1.4g,0g,0.6g
Plantain Tostones,110,5.3g,0.5g,0g,0mg,156.8mg,15.1g,0.7g,0.4g,0.7g
Poke Bowl,509,15.8g,2g,0g,53.6mg,1594.1mg,57.7g,0.6g,6.7g,33.1g
Polenta Florentine,198,5.4g,2.2g,0.1g,15.6mg,72.7mg,31.8g,2.3g,2g,5.6g
Polenta Florentine,264,7.2g,2.9g,0.1g,20.8mg,97mg,42.4g,3g,2.7g,7.4g
Pork & Century Egg Congee,143,3.6g,1.2g,0g,71.4mg,115.6mg,22g,0.6g,0.3g,4.8g
Pork & Shrimp Wonton Soup,185,8.3g,1.2g,0g,16.8mg,255.4mg,25.4g,1.2g,2.5g,8.5g
Pork & Shrimp Wonton Soup,156,7.3g,1g,0g,12.5mg,186.4mg,21.8g,1.2g,2.3g,6.9g
Pork & Veg Potsticker,60,2g,0.7g,0g,5mg,110mg,8.3g,0.3g,0.3g,2.3g
Pork Carnitas,293,24.6g,4.9g,0.2g,61.7mg,518.2mg,1.5g,0.4g,0.2g,17.3g
Pork Fried Rice,113,0.6g,0.2g,0g,18.5mg,54.2mg,20.7g,1g,0.5g,4.2g
Pork Katsudon,595,24g,3.7g,0.1g,212.2mg,1386mg,62.9g,1.8g,15.2g,32g
Pork Sausage Links,172,16.2g,6.1g,0g,35.4mg,363.6mg,0g,0g,0g,7.1g
Pork Stir Fry,117,5.1g,1.6g,0g,21.1mg,181.7mg,10.7g,0.9g,7.8g,7.3g
Pork Stir Fry,124,4.6g,0.9g,0g,26mg,150.3mg,10.8g,1g,8g,9.1g
"Portobello Mush w/Kale, Artichokes & Feta",193,11.9g,3.3g,0g,0mg,668.7mg,15.9g,4.2g,3.9g,7.7g
Portuguese Seafood Sausage Stew w/Atlantic Sea Farm Kelp,90,4g,1g,0g,17.2mg,340.6mg,4.9g,0.3g,0.1g,7.5g
Potato & Cheese Pierogi,189,3.7g,1.4g,0g,10.4mg,462.2mg,32.9g,0.8g,0.8g,5.5g
Potato & Pea Samosa,341,23.4g,2.7g,0g,0mg,480mg,32g,0g,0g,4g
Potato & Pea Samosa,170,11.7g,1.3g,0g,0mg,240mg,16g,0g,0g,2g
Potato Chips,113,9g,1.1g,0g,0mg,135.2mg,7.5g,1g,0g,1g
Potato Chips,152,10.1g,3g,,0mg,182.3mg,15.2g,1g,0g,2g
Potatoes & Green Pea Curry,131,8.4g,4.5g,0g,0mg,408.5mg,11.9g,0.8g,2.3g,1.9g
Poutine (Beef Flavor),287,18.9g,6.6g,0g,25.2mg,263.7mg,20.9g,2.4g,0.9g,8g
Power Salad,527,28g,4.1g,0g,148.9mg,408mg,55.2g,11.2g,12.5g,17.9g
Power Salad Wrap,850,38g,5.1g,0g,148.9mg,623.8mg,105.5g,15.2g,13.4g,26.6g
Primavera Pizza,484,17.8g,9g,0.4g,44.1mg,1217.7mg,59.1g,3.3g,3g,20.5g
Provencal White Bean Salad,63,3.9g,0.6g,0g,0mg,126.4mg,5.4g,1.5g,1g,1.9g
Provolone Cheese,47,3.5g,2.6g,0.1g,9.2mg,66.6mg,0.3g,0.3g,0g,3.4g
Puerto Rican Beans,88,2.2g,0.1g,0g,0mg,275.4mg,13.2g,2.7g,1.6g,3.9g
Puerto Rican Chicken Wings,87,3.1g,0.7g,0g,32.4mg,118.2mg,0.4g,0.1g,0g,13g
Puerto Rican Rice & Pigeon Peas,77,0.7g,0g,0g,0mg,152.8mg,15g,1.2g,0.5g,1.8g
Puerto Rican Roast Chicken,106,5.5g,1.4g,0g,73.4mg,125.3mg,0.4g,0.1g,0g,13.5g
Puerto Rican Roast Chicken,319,16.5g,4.1g,0g,220.1mg,375.8mg,1.1g,0.4g,0.1g,40.4g
Puerto Rican Stewed Kidney Beans,132,4g,0.3g,0g,0mg,201.9mg,18.5g,4.2g,2.1g,6.1g
Pulled Pork Sandwich,317,7.7g,3g,0g,60.4mg,952.7mg,36.2g,0.2g,3.7g,24.1g
Pulmuone Tofu,40,2.3g,0.5g,0g,0mg,3.3mg,0.7g,0.7g,0g,4.3g
Pulmuone Tofu & Vegetable Stir Fry,186,14.2g,1.6g,0.1g,0.1mg,438.3mg,7.1g,2.2g,3.3g,8g
Pulmuone Tofu Bites,237,18.3g,2.4g,0g,0mg,158.4mg,11.2g,1.9g,0.9g,6.5g
Pulmuone Tofu Pho w/Chicken Broth,173,7.6g,1g,0g,0mg,2496.7mg,17.4g,1.4g,5.6g,11.4g
Pulmuone Tofu Pho w/Spicy Green Curry Broth,182,9g,2.8g,0g,2.6mg,1868.2mg,16.2g,1.4g,5.1g,10.9g
Pulmuone Tofu Pho w/Vegetable Broth,160,7.6g,1g,0g,0mg,2691.3mg,16.4g,1.3g,5.9g,9.1g
Pulmuone Tofu Scramble,131,7.9g,1.6g,0g,0mg,116.1mg,2.9g,2.3g,0.5g,13g
Pulmuone Tofu Shawarma with Tahini Sauce,134,8.5g,1.7g,0g,0mg,82.7mg,3.6g,2g,0.5g,11.8g
Pulmuone Tofu w/Garlic Sauce,124,4.4g,0.9g,0g,0mg,211.7mg,12g,2.8g,4.4g,8.9g
Pulmuone Tofu w/Gingered Vegetables,236,14.2g,2.8g,0g,0mg,182mg,9.2g,3.9g,1.8g,19.2g
Pulmuone Tofu w/Jade Vegetables,87,4.7g,0.9g,0g,0mg,36.2mg,3.8g,2.4g,1.5g,8.5g
Pulmuone Tofu w/Ssamjang Sauce,133,7.7g,1.4g,0g,0mg,288.2mg,6.1g,2g,2.5g,11.1g
Pumpkin Bisque Soup,119,4.4g,2.8g,0g,15.7mg,313.4mg,16.9g,1.9g,8.8g,2.5g
Pumpkin Coffeecake,142,7g,1.4g,0g,24.1mg,86.3mg,18.3g,0.4g,9.9g,1.6g
Pumpkin Danish,155,8g,5g,0g,27.6mg,165.4mg,17.5g,0.5g,5.5g,3g
Pumpkin Seeds,90,7.5g,2g,0g,0mg,60mg,2g,1.5g,0.5g,4.5g
Pumpkin Seeds/Pepitas,71,4.3g,0.7g,0g,0mg,7.1mg,4.3g,0.9g,0.9g,2.8g
Queso Fresco,47,3.8g,2.4g,0g,9.5mg,85.1mg,0.5g,0g,0.5g,2.8g
Queso Sauce,55,4.2g,2.4g,0g,13mg,220.4mg,1.6g,0.1g,1g,2.5g
Quinoa Black Bean Salad,65,2.3g,0.2g,0g,0mg,64.6mg,9g,1.2g,0.7g,2g
Quinoa Pilaf w/Cranberries,108,1.8g,0g,0g,0mg,131.8mg,19.4g,2.1g,3.7g,3.4g
"Quinoa, Corn & Avocado Salad",48,1.9g,0.2g,0g,0mg,31.7mg,7.4g,1.3g,1.2g,1.4g
"Quinoa, Zucchini & Corn",27,0.9g,0.1g,0g,0mg,60.7mg,4.3g,0.5g,0.7g,0.9g
Radishes,2,0g,0g,0g,0mg,10.2mg,0.6g,0.2g,0.4g,0g
Rainbow Roll,392,10.6g,1.8g,0g,70mg,650.7mg,51.3g,3.4g,5.1g,21.1g
Raisins,83,0.1g,0g,0g,0mg,7.2mg,22.1g,1.3g,18.1g,0.9g
Ranchero Skillet Potatoes,83,3.6g,0.5g,0g,0mg,246.4mg,12.2g,0.4g,1.1g,1.5g
Rasp White Choc Bundt,212,10.4g,2.3g,0g,37.5mg,137.1mg,31g,0.4g,19.4g,2.7g
Ratatouille w/Pulmuone Tofu,75,4.1g,0.8g,0g,0mg,140.5mg,5.4g,2.3g,2.3g,5.3g
Red & Yellow Pepper Salad,29,1.3g,0.2g,0g,0mg,74.1mg,4.4g,0.8g,1.3g,0.6g
Red Bean Soup,46,0.1g,0g,0g,0mg,0.6mg,9.8g,1.5g,2.5g,2.3g
Red Beans,88,1.7g,0.1g,0g,0mg,261mg,14.5g,2.8g,1.6g,4.1g
Red Chile & Pork Stew (Carne Adobada),126,7.2g,2.2g,0.1g,31.6mg,141.7mg,6.6g,0.5g,1.9g,9.5g
Red Dragon Roll,291,3.9g,0.5g,0g,19.2mg,627.2mg,44.6g,0.5g,3.2g,17g
Red Pepper Pesto Pasta Salad,158,4g,0.4g,0g,0mg,113mg,19.5g,2.9g,1.7g,5.5g
Red Potato Home Fries,72,1.7g,0.1g,0g,0mg,77mg,13.3g,1.4g,1.1g,1.6g
Red Potato Home Fries,65,0.7g,0.1g,0g,0mg,153.7mg,13.4g,0.1g,1.1g,1.6g
Red Rice,199,0.6g,0g,0g,0mg,41.3mg,41.1g,1.4g,0.3g,3.5g
Refried Black Beans,75,0.4g,0g,0g,0mg,102.5mg,13.1g,3.2g,0.6g,4.5g
Refried Black Beans,25,0.1g,0g,0g,0mg,34.2mg,4.4g,1.1g,0.2g,1.5g
Rice Krispy Bar,157,5.1g,3.3g,0g,13.9mg,80.2mg,26.8g,0g,13.1g,1g
Rice Krispy Bar,313,10.3g,6.5g,0g,27.8mg,160.5mg,53.6g,0g,26.2g,2.1g
Rice Krispy Treats,104,3.4g,2.2g,0g,9.3mg,53.5mg,17.9g,0g,8.8g,0.7g
Rice Pilaf,138,4.2g,0.3g,0g,0mg,57.5mg,21.3g,0.7g,0.1g,1.8g
Rice Pilaf,123,3.8g,0.3g,0g,0mg,0.6mg,19g,0.6g,0g,1.6g
Rice Pilaf,128,4g,0.3g,0g,0mg,5.9mg,19.8g,0.6g,0g,1.7g
Rice Soup (Pork or Pulmuone Tofu) w/Nasoya Wrapper,280,12.4g,2.8g,0g,23.5mg,387.6mg,30.5g,3.1g,1.5g,11g
"Rigatoni w/Spicy Fennel Sausage, Tomatoes, & Cream",550,34.1g,12.9g,0.1g,75.3mg,1075.1mg,39.4g,4g,2.9g,24.5g
Roast Turkey,98,2.3g,0g,0g,45.3mg,445.6mg,0.8g,0g,0g,17.4g
Roasted Brussels Sprouts,42,1.6g,0.2g,0g,0mg,40.6mg,6.3g,2.7g,1.5g,2.4g
Roasted Butternut Squash,57,2.6g,0.4g,0g,0mg,196mg,9.1g,1.6g,1.7g,0.8g
Roasted Butternut Squash w/Balsamic & Pepitas,60,1.9g,0.3g,0g,0mg,96.6mg,10.6g,1.8g,2.4g,1.3g
Roasted Butternut Squash w/Spices,66,3.3g,0.3g,0g,0mg,206.6mg,9.6g,1.8g,1.8g,0.9g
Roasted Cajun Potato Wedges,93,3.4g,0.3g,0g,0mg,76.5mg,14.4g,1.7g,0.7g,1.7g
Roasted Carrots,35,0.9g,0.1g,0g,0mg,88.5mg,6.3g,1.8g,4.5g,0.9g
Roasted Cauliflower,34,1.8g,0.3g,0g,0mg,124.8mg,4.1g,1.6g,1.6g,1.6g
Roasted Cauliflower & Broccoli,30,1.7g,0.2g,0g,0mg,38.1mg,3g,1.9g,1.5g,1.9g
Roasted Cauliflower Salad,61,5.5g,0.7g,0g,0mg,259.8mg,2.6g,1.2g,0.8g,1.1g
Roasted Cauliflower w/Garlic,39,2.2g,0.3g,0g,0mg,32.7mg,4.3g,1.7g,1.6g,1.6g
Roasted Chicken with Mushrooms & Artichoke Hearts,134,9.2g,2.3g,0g,29.8mg,181.6mg,3.8g,0.6g,0.6g,8.6g
Roasted Chili Lime Pork Loin,273,5.7g,1.8g,0g,127.4mg,324.3mg,6.1g,1.9g,2g,46.9g
Roasted Crispy Pork Belly,293,30g,10.9g,0g,40.7mg,138.8mg,0g,0g,0g,5.3g
Roasted Diced Sweet Potato,82,1.2g,0.1g,0g,0mg,88.5mg,16.8g,2.5g,3.5g,1.3g
Roasted Diced Sweet Potato,109,1.5g,0.1g,0g,0mg,118mg,22.4g,3.4g,4.7g,1.8g
Roasted Eggplant Salad w/Herbs & Za'atar,81,8g,1.2g,0g,0mg,111.9mg,3.3g,1.2g,1.3g,0.6g
Roasted Eggplant with Lentils,111,4.4g,1.4g,0g,0mg,231.7mg,17.6g,5.5g,2.5g,4.8g
Roasted Garlic Zucchini w/Tomatoes,34,2.2g,0.3g,0g,0mg,73.3mg,3.6g,0.7g,1.8g,1.1g
Roasted Haddock w/Lemon Garlic Butter,40,2.5g,0.9g,0g,14.3mg,53.8mg,0.5g,0.1g,0.1g,4.2g
Roasted Maple Carrots,56,1.2g,0.2g,0g,0mg,100.7mg,10.7g,2.2g,6.8g,1.3g
Roasted Mushrooms,41,2.9g,0.4g,0g,0mg,87.1mg,3.7g,1.1g,1.3g,2.7g
Roasted Onions & Peppers,35,1.1g,0.2g,0g,0mg,67.2mg,5.8g,1.5g,1.6g,0.9g
"Roasted Pepper, Olive & Feta Salad",111,10.1g,4g,0g,0mg,639.9mg,2.7g,0.1g,1.1g,2.7g
"Roasted Pepper, Tomato Salad",68,6g,0.6g,0g,0mg,186.5mg,3.8g,0.8g,1.8g,0.9g
Roasted Pork Loin w/Cran Bacon Relish,120,3.5g,1.1g,0g,43.7mg,194.8mg,5.8g,0.6g,4.4g,15.6g
Roasted Potato Wedges,94,3.6g,0.3g,0g,0mg,73.2mg,14.4g,1.7g,0.7g,1.7g
Roasted Root Vegetables,43,1.1g,0.1g,0g,0mg,83.4mg,8.5g,0g,3.9g,0.8g
Roasted Sesame Seeds,89,7.1g,1.1g,,,1.8mg,2.8g,1.8g,,3.2g
Roasted Spiced Zucchini,21,1.1g,0.2g,0g,0mg,35.1mg,2.5g,0.7g,1.5g,0.9g
Roasted Squash Salad w/Pepitas,108,6.1g,1.9g,0g,4.9mg,106.7mg,10.5g,1.9g,2.5g,3.6g
Roasted Squash Salad w/Pepitas,72,4g,1.2g,0g,3.3mg,71.1mg,7g,1.3g,1.7g,2.4g
Roasted Sweet Potatoes,168,7.9g,0.6g,0g,0mg,98.7mg,22.9g,3.4g,4.7g,1.8g
Roasted Tomato & Olive Salad,75,6.1g,1.6g,0g,2.8mg,354.3mg,4.4g,1g,1.5g,1.9g
Roasted Tomatoes,43,4g,0.6g,0g,0mg,22.3mg,1.7g,0.4g,1g,0.4g
Roasted Tomatoes,22,2.1g,0.3g,0g,0mg,11.7mg,0.9g,0.2g,0.5g,0.2g
Roasted Tomatoes w/Feta & Spianch,61,5.5g,1.7g,0g,0mg,187.8mg,1.8g,0.6g,0.7g,2g
Roasted Zucchini,21,1.2g,0.1g,0g,0mg,35.1mg,2.2g,0.6g,1.6g,0.9g
Roasted Zucchini,31,1.8g,0.2g,0g,0mg,52.6mg,3.3g,0.9g,2.3g,1.3g
Roasted Zucchini w/Rstd Tomatoes,48,3.5g,0.4g,0g,0mg,139.7mg,4.4g,1.5g,2.5g,1g
Romaine Lettuce,5,0.1g,0g,0g,0mg,2.3mg,0.9g,0.6g,0.3g,0.3g
Rstd Cauliflower w/Lemon & Cumin,30,1.2g,0.2g,0g,0mg,88.7mg,4.3g,1.7g,1.6g,1.6g
Rstd Cauliflower w/Lemon Parsley Dressing,77,6.9g,1.1g,0g,0mg,139mg,4.1g,1.6g,1.6g,1.5g
Rstd Eggplant w/Sundried Tomato Nut Pesto,45,1.8g,0.3g,0g,0.6mg,49.1mg,7.1g,2.5g,4.2g,1.5g
Rstd Mediterranean Cauliflower,30,1.2g,0.2g,0g,0mg,87.6mg,4.3g,1.7g,1.6g,1.6g
"Rstd Mushrooms w/Garlic, Lemon & Cheese",79,5.8g,0.7g,0g,2.4mg,167.9mg,5.6g,0.7g,2.2g,3.8g
Rstd Red Potatoes w/Rosemary,96,4.2g,0.3g,0g,0mg,64mg,13.4g,1.5g,1g,1.6g
"Rstd Tomato, Bean & Mushroom Breakfast",211,13g,1g,0g,0mg,394.4mg,20.5g,4.4g,6.2g,5g
STOUFFER'S  Alfredo Sauce,102,8.4g,2.8g,0g,13.9mg,278.9mg,3.7g,0g,1.9g,2.8g
STOUFFER'S Macaroni and Cheese,116,5.6g,2.2g,0g,9.3mg,328.3mg,11.9g,0.4g,1.5g,4.5g
Saag Aloo,70,2.2g,0.1g,0g,0mg,166.3mg,9.6g,1.7g,0.6g,2.1g
Saag Paneer,102,6.8g,3.4g,0g,22.7mg,362.9mg,5.7g,2.3g,2.3g,6.8g
Saffron Rice Pilaf,266,5.7g,0.4g,0g,0mg,274.2mg,46.8g,2.6g,0.3g,4.6g
Salmon Cream Cheese Sushi Roll,354,12.1g,6.6g,0g,52.3mg,695.4mg,44.3g,0.9g,13.8g,14.3g
Salmon Cream Cheese Sushi Roll w/Brown Rice,345,16.4g,7.1g,0g,52.3mg,216.8mg,33.4g,2.5g,10.1g,15.3g
Salmon Hash,173,10.8g,1.7g,0g,38mg,324.8mg,8.5g,0.4g,0.5g,11.1g
Salmon Kelp Burger,140,6g,1g,0g,10mg,376mg,10g,2g,0g,13g
Salmon Sushi Roll,253,3g,0.6g,0g,22mg,584.1mg,43.3g,0.9g,12.7g,12.2g
Salois Family Beef Chili,196,11.6g,5.5g,0.5g,37.4mg,294.9mg,11.1g,2.7g,2.1g,11g
Salsa,20,0g,0g,0g,0mg,454.3mg,5.9g,2g,4g,0g
Salsa Criolla,12,0g,0g,0g,0mg,77.6mg,2.6g,0.6g,1.5g,0.2g
Salsa Verde con Aguacate,27,2.5g,0.3g,0g,0mg,92.3mg,1.7g,0.2g,0.4g,0.1g
Salt & Pepper Pulmuone Tofu,221,16.9g,2.2g,0g,0mg,169.7mg,10.9g,1.8g,1.1g,6.1g
Salvadoran Yuca con Chicharron (Pork),316,20.2g,3.8g,0.1g,36.4mg,363.1mg,23.1g,0g,0.5g,10.5g
Sambhar,107,4.6g,0.3g,0g,0mg,5.1mg,11.7g,2g,0.9g,4.2g
San Bei Ji,144,8.3g,1.7g,0g,45.4mg,311.2mg,6.1g,0.4g,2.3g,10.4g
Santa Fe Tortilla Soup,56,0.9g,0g,0g,0mg,449.6mg,11.2g,1.9g,1.9g,1.9g
Sauerkraut Topping,12,0g,0g,0g,0mg,472.5mg,2.4g,2.4g,0g,0g
Sausage Breakfast Burrito,464,23.9g,7.6g,0.1g,232.1mg,623.1mg,39.7g,3g,0.4g,21g
Sausage Grinder,621,36.7g,8.1g,0.1g,75.3mg,1300.3mg,41.5g,1.6g,2.2g,30g
Sauteed Broccoli,35,1.9g,0.1g,0g,0mg,45.8mg,2.8g,3.5g,2.2g,3.5g
Sauteed Broccoli,26,1.4g,0.1g,0g,0mg,34.4mg,2.1g,2.6g,1.7g,2.6g
Sauteed Broccoli,22,1.2g,0.1g,0g,0mg,75.9mg,1.7g,2.2g,1.4g,2.2g
Sauteed Cabbage,41,1.7g,0.2g,0g,0mg,225.7mg,6.2g,2.2g,3g,1.2g
Sauteed Cabbage w/Coconut,85,6.7g,1.2g,0g,0mg,56.4mg,5.8g,2.7g,2.6g,1.2g
Sauteed Local Kale & Mushrooms,46,1.9g,0.3g,0g,0mg,150.2mg,6.4g,1.6g,1.5g,2.8g
Sauteed Mushrooms,36,3g,0.4g,0g,0mg,69.1mg,2.3g,0.5g,1.2g,1.6g
Sauteed Mushrooms & Kale,32,1.9g,0.2g,0g,0mg,102mg,3.2g,1g,1.1g,1.9g
Sauteed Onions & Peppers,13,0.7g,0.1g,0g,0mg,0.8mg,1.8g,0.5g,0.4g,0.3g
Sauteed Spinach w/Sesame Seeds,36,2g,0.3g,0g,0mg,86.4mg,3.2g,1.9g,0.5g,2.5g
Sauted Kale,54,2g,0.2g,0g,0mg,57.2mg,8.1g,3g,1.9g,3.7g
Sauted Kale,57,2.2g,0.2g,0g,0mg,57.2mg,8.1g,3g,1.9g,3.7g
Savadoran Salsa,5,0g,0g,0g,0mg,31.8mg,0.9g,0.2g,0.4g,0.2g
Savory Baked Chicken,122,6g,1.8g,0g,29.8mg,170.2mg,9.1g,0.2g,8.3g,7.7g
Savory Baked Chicken Thigh,121,3g,0.8g,0g,67.2mg,210.3mg,9.1g,0.2g,8.3g,14.2g
Scallion Ginger Poached Chicken,233,17.1g,4.9g,0g,76mg,143mg,0.7g,0g,0.3g,19.4g
Scallion Ginger Tofu,160,10.7g,1.6g,0g,0mg,209.5mg,6.1g,2.3g,1.7g,10.9g
Scallions,6,0g,0g,,0mg,2.9mg,1.3g,0.4g,0g,0.3g
Scampi Shrimp (Contains Chicken),141,4.2g,1.8g,0.1g,42.3mg,161.8mg,19.4g,0.9g,0.6g,7.7g
Scrambled Eggs,86,6.4g,1.5g,0g,203.2mg,89.4mg,0g,0g,0g,7.3g
Scrambled Eggs,110,7.6g,2.1g,0g,293.6mg,129.2mg,0g,0g,0g,10.6g
Seeded Rye Bread,79,0.7g,0.2g,0g,0mg,185mg,15.2g,1.3g,0.3g,2.8g
Sesame Ginger Baby Bok Choy,23,1.3g,0.2g,0g,0mg,138.6mg,2.3g,0.8g,0.9g,1.3g
Sesame Seeds,21,1.9g,0.3g,0g,0mg,1.5mg,0.3g,0.1g,0g,0.9g
Sesaoned Potato Wedges,79,1.1g,0.1g,0g,0mg,87.6mg,16.2g,1.5g,0.7g,1.4g
Shake & Bake Chicken Legs,171,8.3g,1.8g,0g,91.7mg,487.4mg,5.7g,0.3g,0.7g,17.8g
Shephard's Pie,144,8.8g,4g,0g,21.7mg,167.9mg,11.4g,1.6g,1.8g,5.7g
"Shoyu Ramen Bar (Pork, Chicken)",437,15.4g,0g,0g,5mg,2013.4mg,87.2g,3.5g,3.4g,16.2g
Shredded Cheddar Cheese,115,9.4g,5.3g,0.3g,28.1mg,185.1mg,0.9g,0g,0.1g,6.5g
Shredded Lettuce,4,0g,0g,0g,0mg,2.8mg,0.8g,0.3g,0.5g,0.3g
Shredded Parmesan Cheese,33,3.3g,1.7g,0g,8.3mg,116.7mg,0g,0g,0g,3.3g
Shrimp & Roasted Corn Chowder,138,6.9g,3.1g,0g,28.2mg,482.7mg,15.7g,1.3g,6.3g,4.4g
Shrimp & Vegetables,68,1.5g,0.3g,0g,69.7mg,366.3mg,5.5g,1.4g,2.4g,9.1g
Shrimp Sushi Roll,224,1.7g,0.3g,0g,49.6mg,786.9mg,42.2g,0.9g,12.4g,8.9g
Shrimp Tom Yum Soup,94,0.7g,0.3g,0g,16mg,179.9mg,18.4g,0.2g,0.8g,3.3g
Sibley's Guacamole,34,2.9g,0.4g,0g,0mg,75.5mg,2.2g,1.4g,0.2g,0.4g
Singapore Spicy Chicken Curry,118,7.3g,4.5g,0g,31.5mg,47.2mg,5g,0.4g,0.5g,7.5g
Singapore Spicy Pulmuone Tofu Curry,125,8.4g,4.2g,0g,0mg,17.8mg,5.1g,1.4g,0.4g,7.2g
Singapore Stir Fried Noodles,412,12.3g,1.2g,0g,85.1mg,170.3mg,64g,0.4g,0.7g,3.8g
Skillet Hash Browns,77,1.2g,0.1g,0g,0mg,79.8mg,15.1g,0.1g,0.3g,0.1g
Sliced Eggs,37,2.6g,0.7g,0g,99.2mg,43.7mg,0g,0g,0g,3.6g
Sliced Kielbasa,170,14g,8g,0g,29.9mg,528.6mg,2g,0g,1g,8g
Sliced Kielbasa,254,20.9g,12g,0g,44.9mg,792.9mg,3g,0g,1.5g,12g
Sliced Mushrooms,3,0g,0g,0g,0mg,0.7mg,0.5g,0.1g,0.3g,0.4g
Sliced Olives Black,47,3.8g,0g,0g,0mg,217.4mg,1.9g,0g,0g,0g
Slow Roasted Garlic Mashed Potatoes,127,5.4g,2.4g,0g,9.8mg,127.7mg,17.5g,2g,1.5g,2.6g
Slow Roasted Turkish Chicken & Vegetables,182,8.6g,2.2g,0g,29.8mg,146.9mg,16.7g,2.5g,1.8g,9.4g
Smoked Bacon Slices,53,4.6g,1.6g,0g,13.2mg,224.1mg,0g,0g,0g,3.3g
Sour Cream,61,5.1g,3.5g,0g,15.2mg,15.2mg,1g,0g,0g,1g
Sour Cream,60,5g,3g,0g,20mg,15mg,1g,0g,1g,1g
Sour Cream & Green Onion Potato Casserole,149,7.3g,4g,0.1g,19.3mg,119.7mg,15.6g,0.3g,0.7g,3.4g
Sour Cream Cornbread,162,9.1g,2.1g,0.1g,29.2mg,132.2mg,16.7g,0.5g,5.1g,2.8g
Sourdough Bread,34,0g,0g,0g,0mg,18.2mg,6.4g,0.3g,0.2g,1.2g
Sourdough Bread,100,0.4g,0g,0g,0mg,228.6mg,20.7g,0.7g,0.7g,3.6g
Southern Cheese Grits,39,1.4g,0.5g,0g,4.2mg,30.8mg,5g,0.3g,0.3g,1.6g
Southern French Vegetable Mix,30,0.9g,0.2g,0g,0mg,132.7mg,5.6g,1.5g,2g,1.4g
Southwestern Breakfast Bake,196,10.5g,5.9g,0g,60.1mg,419.5mg,14.8g,1.2g,3.2g,11.2g
Southwestern Salad,466,34g,4.9g,0g,9.9mg,570.8mg,37.9g,8.4g,12.6g,7.7g
Southwestern Salad Wrap,801,44g,5.9g,0g,9.9mg,800.7mg,90.3g,12.9g,13.6g,17.2g
Soy Braised Pork Belly,150,14.4g,5.3g,0g,19.6mg,362mg,1.6g,0g,1.2g,3g
Soy Braised Pork with Eggs,105,5.8g,1.5g,0.1g,102.8mg,811.9mg,6.7g,0.5g,3.3g,6.8g
Spaghetti,148,0.8g,0g,0g,0mg,8.1mg,31.2g,1.6g,0.8g,6.2g
"Spaghetti w/Peas, Tom & Garlic Cream Sc",151,7.1g,2.8g,0.1g,13.8mg,175.5mg,17.5g,1.4g,2.5g,5.1g
Spanish Grilled Chicken Skewers,189,12.3g,2.2g,0g,89.5mg,371.9mg,0.8g,0.1g,0.3g,18.8g
Spanish Pisto (Vegetable Stew),88,6.1g,0.9g,0g,0mg,282.1mg,7.2g,2g,3.2g,1.5g
Spanish Rice,67,1g,0.1g,0g,0mg,7.4mg,12.2g,1g,0.9g,1.2g
Spare Beef Taco Filling,69,4.7g,1.9g,0g,13.9mg,39.6mg,2.6g,0.7g,0.4g,5g
Spiced Cauliflower & Chickpeas,65,2.1g,0.3g,0g,0mg,104.1mg,9.1g,2.4g,2.3g,3.2g
Spiced Lentils,184,0.9g,0g,0g,0mg,104.2mg,42.1g,12.6g,0.9g,14.3g
Spiced Sweet Potato Wedges,83,1.2g,0.1g,0g,0mg,60.4mg,17g,2.6g,3.5g,1.3g
Spiced Sweet Potato Wedges,84,1.2g,0.1g,0g,0mg,114mg,17.2g,2.7g,3.5g,1.4g
Spicy Aloo Methi,139,3.2g,0.2g,0g,0mg,266.6mg,23.5g,3g,0.1g,2.9g
Spicy Cabbage & Red Onion Slaw,32,1.4g,0.2g,0g,0mg,114.7mg,5.1g,1.9g,2.2g,0.9g
Spicy Collard Greens,41,2.5g,0.3g,0g,0mg,123.3mg,4.2g,2.1g,0.9g,1.5g
Spicy Garlic Tofu,184,10g,1.8g,0.1g,0.3mg,741mg,11.2g,2.5g,4.8g,13.2g
Spicy Lemon Parmesan Broccoli,34,2.5g,0.5g,0g,1.2mg,173.4mg,2.1g,2.2g,1.4g,2.5g
Spicy Lentil Salad,86,3.1g,0.4g,0g,0mg,24.7mg,11.3g,2.9g,0.9g,4.1g
Spicy Lentil Veggie Soup,117,4g,0.6g,0g,0mg,353.1mg,15.7g,0.4g,1.4g,4.7g
Spicy Mango Salad,42,0.9g,0.1g,0g,0mg,54.7mg,8g,0.6g,4.9g,0.4g
Spicy Miso Eggplant Broccoli Salad,98,8.1g,1g,0g,0mg,127.1mg,3.7g,1.4g,1.3g,3.7g
Spicy Salmon Bowl,478,23.6g,4.4g,0g,47.1mg,427.3mg,42.8g,4.4g,3.2g,23g
Spicy Stir Fried Octopus,127,3.6g,0.2g,0g,74.6mg,506.4mg,5.7g,1.1g,2.5g,12.9g
Spicy Tofu & Vegetable Stir Fry,120,6.3g,1g,0g,0.1mg,857.9mg,8.4g,2.2g,3.6g,8.5g
Spicy Tuna Bowl,439,14.7g,2.2g,0g,36.1mg,981.8mg,47.1g,4.4g,5.8g,27.8g
Spicy Tuna Roll,299,4.6g,0.6g,0g,18.1mg,717mg,45.5g,0.5g,3.6g,16.3g
Spicy Tuna Roll,315,9.2g,1.7g,0g,16.1mg,795.4mg,45.4g,1.4g,13.3g,12g
Spinach & Artichoke Stuffed Port Mushrooms,148,7.7g,3.9g,0.1g,27.9mg,335.2mg,13.2g,1.6g,1.7g,6.8g
Spinach & Garlic,34,2g,0.3g,0g,0mg,80.6mg,3.3g,1.9g,0.4g,2.4g
Spinach Feta Pastry,159,9g,5.5g,0g,32.4mg,209.2mg,15.9g,0.5g,2.5g,3.5g
Spinach Leaves,7,0.1g,0g,,0mg,22.4mg,1g,0.6g,0.1g,0.8g
Spinach w/Mushrooms,31,1.6g,0.2g,0g,0mg,60.2mg,3g,1.5g,0.8g,2.5g
"Spinach, Artichoke & Quinoa Casserole",168,9.4g,4.2g,0.2g,26.2mg,163.7mg,15.3g,1.8g,2.4g,6.3g
Spring Mix,2,0g,0g,0g,0mg,9.9mg,0.5g,0.1g,0.1g,0.2g
Sriracha ,71,6.6g,0.4g,0g,0mg,121.5mg,1.1g,0.1g,0.4g,0g
Steamed Broccoli,21,0.8g,0.1g,0g,0mg,118.6mg,2.1g,2.7g,1.7g,2.6g
Steamed Cha Siu Bao Pork Bun,190,6g,1.5g,0g,10mg,115mg,29g,1g,8g,4g
Steamed Vegetarian Potsticker,32,0.9g,0.1g,0g,0mg,74mg,5.2g,0.2g,0.2g,0.8g
Stewed Chickpeas,108,3.4g,0.3g,0g,0mg,337.9mg,15.3g,3g,3.5g,4.7g
Stir Fried Vegetables,32,2.3g,0.4g,0g,0mg,172.4mg,1.8g,0.5g,1g,1.5g
Stir Fried Vegetables,33,2.5g,0.4g,0g,0mg,156.6mg,1.6g,0.5g,0.8g,1.5g
Stir Fry Green Vegetables,33,1.9g,0.2g,0g,0mg,182.9mg,3.3g,1.3g,1.3g,1.9g
Strawberry Cinnamon Tres Leche Cake,110,5.7g,4.2g,0.1g,28.8mg,77.4mg,12.9g,0g,8.2g,2g
Strawberry Milk Rice Krispy Treat,105,3g,1.9g,0g,8.1mg,54.3mg,19.1g,0g,9.7g,0.7g
Strawberry Milkshake,813,50.3g,29.5g,1.5g,246.1mg,174.2mg,72.9g,0.4g,69.7g,14g
Strawberry Yogurt Parfait,280,4.7g,1g,0g,5mg,130.3mg,52.8g,0.6g,26.9g,7.3g
Strawberry Zebra Brownies,185,8.8g,2.8g,0.1g,18.1mg,124.4mg,24.6g,0.8g,17g,1.6g
Street Corn Salad,45,1.1g,0.2g,0g,0mg,75.8mg,9.3g,1g,2.9g,1.6g
Stuffed Mushroom w/Spin & Blue Cheese,103,5.4g,2.7g,0g,12.8mg,222.4mg,9.3g,1.7g,1.4g,4.6g
Stuffed Rigatoni w/Tom Pesto Nut Cream & Spinach,198,11.5g,5.5g,0.2g,29.5mg,213.9mg,18.7g,2g,4.9g,6.8g
Sugar Cookie,190,10g,4g,0g,20mg,230mg,23g,0g,11g,2g
Sugar Cookies,380,20g,8g,0g,40mg,460mg,46g,0g,22g,4g
Sumac Onions,19,0.8g,0.1g,0g,0mg,70.6mg,2.8g,0.6g,1.6g,0.3g
Summer Squash,31,1.5g,0.2g,0g,0mg,38.1mg,4g,1g,2.9g,1g
"Summer Squash, Tomato & Basil",22,0.6g,0.1g,0g,0mg,86.1mg,4g,0.9g,2.1g,0.9g
Sun Dried Tomato,76,0g,0g,0g,0mg,170.1mg,13.2g,5.7g,7.6g,3.8g
Sunflower Seeds,91,7.1g,0.8g,0g,0mg,0mg,2.5g,1.5g,0.5g,3g
Sushi Rice,46,0.1g,0g,0g,0mg,133mg,10.4g,0g,3.1g,0.7g
Sushi Rice w/Vinegar,152,0g,0g,0g,0mg,168.5mg,33.2g,0g,1.6g,3.1g
Sweet & Sour Chicken,407,24.4g,3g,0g,55.4mg,472.8mg,35g,0.2g,16.6g,12g
Sweet & Sour Pulmuone Tofu,213,10.9g,1.5g,0g,0mg,222.9mg,24.6g,1.6g,15.1g,4.3g
Sweet Chili Dumpling Sauce,36,1.6g,0.3g,0g,0mg,324.1mg,5.3g,0.2g,4.5g,0.3g
Sweet Chili Pulmuone Tofu,209,14.2g,1.8g,0g,0mg,194.4mg,11g,2g,6.8g,10.4g
Sweet Chili Sauce,48,0g,0g,0g,0mg,405.5mg,11.9g,0.1g,10.6g,0.5g
Sweet Corn Salsa,21,0.3g,0.1g,0g,0mg,111.1mg,4.5g,0.6g,1.5g,0.8g
Sweet Onion Salad,24,0.1g,0g,0g,0mg,11.3mg,5.5g,1.2g,3.3g,0.5g
Sweet Potato Fries,295,19.4g,2.5g,0g,0mg,382.2mg,28.5g,3g,13.5g,1.5g
Sweet Potato Fries,194,13.7g,1.6g,0g,0mg,151.6mg,16.9g,1.8g,8g,0.9g
Sweet Potato Kelp Tempura,116,4.2g,0.3g,0g,0mg,77.4mg,18.4g,0.1g,1.2g,1.7g
Sweet Potato Tempura Roll,471,11.1g,0.8g,0g,0mg,496.4mg,83.9g,0.8g,5g,8.8g
Sweet Red Bean Cheesecake,207,13.8g,7.7g,0.2g,55.5mg,138.7mg,18.2g,0.4g,11.6g,3.1g
Szechuan Broccoli,138,2.3g,0.5g,0.4g,1.5mg,3373.3mg,28.7g,1.8g,22g,1.5g
Szechuan Cold Noodles w/Peanuts,214,5.2g,0.5g,0g,0mg,415mg,34.8g,1.9g,2.4g,7.8g
Szechuan Mussels,60,3.3g,0.3g,0g,9.3mg,269.9mg,3.1g,0.3g,0.4g,4.4g
Szechuan Pork Belly w/Cabbage & Caul,356,30.9g,10.4g,0.1g,37.1mg,1433.9mg,13.7g,1.3g,8.2g,5.8g
Tabouleh,96,7.4g,0.9g,0g,0mg,255.2mg,7.4g,1.7g,1.1g,1.1g
Taco Bar (Beef & Black Beans),470,25.9g,10.4g,0.6g,57.7mg,606.1mg,40.1g,4.7g,2.6g,17.7g
Taco Bar (Spare Beef & Black Beans),449,24.3g,9.9g,0.3g,49.6mg,617.2mg,40.1g,4.9g,2.5g,17g
Taco Casserole,135,7.5g,2g,0.3g,18.3mg,112.1mg,7.6g,1.9g,0.8g,6.8g
Taco Casserole,336,20.1g,3.6g,0.3g,23.8mg,285.6mg,5.7g,1.3g,0.8g,7.2g
Taco Salad Bar Toppings,264,20.4g,5.5g,0.1g,26.7mg,703.9mg,6.1g,1.1g,2.8g,4.4g
Taco Shells,50,2.3g,0.3g,0g,0mg,1mg,6.6g,0.7g,0g,0.7g
Taco Shells,99,4.6g,0.7g,0g,0mg,2mg,13.3g,1.3g,0g,1.3g
Tacos Al Pastor (Pork),163,5.5g,1.8g,0g,37.9mg,114.8mg,14.3g,1.9g,2.1g,13.2g
Tacos de Pescado (Fish Tacos),172,11g,1.2g,0g,7.6mg,291.3mg,10.9g,1g,0.5g,7.3g
Tahini Sauce,60,5.1g,0.9g,0g,0mg,69mg,2.3g,0.1g,0.1g,2.2g
Taiwan Pork & Pickled Vegetables,140,7.5g,2.5g,0.1g,87.6mg,428.7mg,10.4g,0.4g,2g,7.1g
Taiwanese Beef Noodle Bowl,224,9g,3g,0g,44.5mg,400.7mg,18.7g,1.4g,1.3g,16.5g
Taiwanese Braised Pork Rice Bowl,299,21.5g,6.9g,0.1g,125.6mg,1437.9mg,10.3g,0.6g,6.6g,15.3g
Tamale Corn Cakes,152,9.2g,3.4g,0g,12.2mg,258.4mg,16.7g,1.3g,4.3g,2.3g
Tamarind Date Chutney,38,0g,0g,0g,9.5mg,160.7mg,9.5g,0g,7.6g,0g
Tandoori Chicken Leg,124,7.4g,1.5g,0g,73.4mg,137.3mg,0.6g,0.1g,0.3g,13.5g
Tandoori Chicken Wings,97,4.8g,0.7g,0g,28.8mg,125mg,0.6g,0.1g,0.3g,11.6g
Tandoori Salmon,138,9.2g,2g,0g,51mg,23.5mg,0.6g,0.1g,0.2g,13.6g
Tantanmen Ramen Bar,520,32.7g,6.1g,0g,179.8mg,1743.5mg,49.4g,3.1g,3.9g,22.9g
Tantanmen Ramen Broth,33,2.7g,0.4g,0g,0mg,385.9mg,1.3g,0.3g,1g,1g
Tater Tots,526,39.5g,2.7g,0g,0mg,690.2mg,46g,0g,0g,4.6g
Tavola Salad w/Beef,1116,75.7g,14.9g,1.6g,84.5mg,2044mg,73.8g,9g,6.8g,39.2g
Tavola Salad w/Chicken,1092,74.9g,11.4g,1g,99.7mg,2341.7mg,74.9g,8g,6.6g,35.2g
Tavola Salad w/Falafel,1359,82.4g,10.4g,1g,10.1mg,3419.2mg,106.4g,22.4g,8g,29.4g
Tavola Salad w/Lamb,1203,84.9g,18.1g,1g,105.3mg,2241.9mg,73.7g,8.3g,6.9g,40.8g
Tear Drop Peppers,25,0g,0g,0g,0mg,40.5mg,6.1g,0g,5.1g,0g
Teriyaki Chicken & Ham Sandwich,310,7.7g,2.7g,0g,96.1mg,1121.7mg,29.8g,2.1g,10g,30.4g
Teriyaki Chicken Leg,106,4.8g,1.3g,0g,73.4mg,153.7mg,1.5g,0.3g,0.6g,13.9g
Teriyaki Chicken Roll,231,1.9g,0.3g,0g,13.4mg,642.1mg,44.5g,0.9g,13.9g,7.9g
Teriyaki Pulmuone Tofu Bowl,348,26g,3.5g,0g,0mg,337.3mg,20.8g,4.7g,5.2g,8.8g
Teriyaki Pulmuone Tofu Roll,249,3.7g,0.7g,0g,0mg,632.9mg,45.2g,1.6g,13.9g,8g
Teriyaki Tofu Poke Bowl,255,8.5g,1.6g,0g,0.1mg,332.2mg,29.7g,1.8g,2.4g,14.8g
Teriyaki Tofu w/Sesame Seeds,227,16.6g,2.2g,0g,0mg,297.6mg,7.3g,2.2g,0.9g,13.7g
Tersoni Family's Beef Chili,112,3.8g,1.4g,0.2g,12.3mg,235.8mg,11.8g,2.8g,2.9g,6.3g
Thai BBQ Chicken,179,9g,2g,0g,83.9mg,584.8mg,5.5g,0.4g,3.5g,18.5g
Thai BBQ Chicken Entree,623,11.5g,2.3g,0g,83.9mg,674.8mg,101g,5.8g,6.6g,28g
Thai Basil,1,0g,0g,0g,0mg,0.1mg,0.1g,0.1g,0g,0.1g
Thai Basil Tofu,137,8.3g,1.5g,0g,0mg,41.8mg,4.9g,2.5g,1.4g,11.7g
Thai Cucumber Salad,19,0g,0g,0g,0mg,227.9mg,4.6g,0.2g,4.1g,0.2g
Thai Garlic Pepper Tofu,122,7.2g,1.3g,0g,0mg,101.7mg,4.7g,1.8g,2.2g,10.3g
Thai Green Curry Tofu,122,9g,4.7g,0g,0mg,165.1mg,3.3g,1.6g,1g,6.8g
Thai Pork Lettuce Wraps,169,11.9g,4.1g,0g,37.1mg,97.8mg,6.2g,1.4g,2.2g,9.9g
Thai Red Curry Chicken,177,13.7g,9.4g,0g,30.1mg,312mg,5.4g,1.5g,1.6g,7.4g
Thai Red Curry Tofu,124,9g,4.7g,0g,0mg,153.6mg,3.7g,1.8g,1.2g,6.9g
Thai Seafood w/Basil,71,1.4g,0.2g,0g,35.5mg,645.5mg,6.9g,0.8g,4.5g,6.4g
Thai Stir Fried Green Beans,66,4.1g,0.3g,0g,0.1mg,213.5mg,6.8g,2.1g,3.3g,1.8g
Thai Tamarind Wings,162,2.8g,0.8g,0g,43.2mg,536.2mg,15.6g,0.1g,13.9g,17.5g
The BLT,480,19.4g,3.5g,0g,26.5mg,976mg,60.4g,8.7g,3.1g,17.2g
Three Cheese Bread,34,0.7g,0.5g,0g,2.2mg,65.5mg,5.3g,0.2g,0g,1.5g
Tiger Roll,371,10.9g,1.7g,0g,44.4mg,494.8mg,48.4g,1.6g,2.1g,18g
Tiramisu Cake,118,8g,4.8g,0.2g,43.4mg,14.5mg,13.1g,0g,9.1g,2.1g
Tofu Tikki Masala w/Rice & Naan,1171,44.7g,11.4g,0.4g,30.7mg,1050.5mg,152g,7.7g,8.2g,39.7g
Tofu Tikki Masala w/Rice & Naan,390,14.9g,3.8g,0.1g,10.2mg,350.2mg,50.7g,2.6g,2.7g,13.2g
Tom Yum Soup,16,0.2g,0g,0g,9.9mg,305.6mg,2.2g,0.3g,0.5g,1.8g
Tomatillo Salsa,2,0g,0g,0g,0mg,211.5mg,0.4g,0.1g,0g,0.1g
Tomato & Cucumber Salad,47,4.5g,0.7g,0g,0mg,105.4mg,1.9g,0.3g,1g,0.3g
Tomato Arugula Chorizo Salad,104,10.4g,0.9g,0g,1.5mg,212.8mg,2.4g,0.6g,1.2g,1g
Tomato Basil Bread,36,0.1g,0.1g,0g,0mg,91.8mg,7.1g,0.4g,0.5g,1.2g
Tomato Basil Soup,149,12.2g,1.3g,0g,5.3mg,429.7mg,8.2g,1.9g,4.8g,3.7g
Tomato Bisque Soup,113,6.9g,3.8g,0g,18.8mg,350mg,11.3g,1.3g,6.3g,1.9g
Tomato Cream Basil Sauce,118,10.8g,6.3g,0.3g,33.2mg,85.4mg,3.5g,0.8g,2.3g,2.2g
Tomato Olive Pastry,159,0.2g,5.5g,0.2g,27.4mg,219.1mg,15.9g,0.5g,2g,3g
Tomato Pesto Cream,179,16.9g,9.8g,0.5g,50.4mg,297.4mg,4.8g,0.5g,3.6g,2.6g
Tomato Salad w/Parsley & Sumac,43,3.6g,0.5g,0g,0mg,126.6mg,2.7g,0.6g,1.4g,0.4g
Tomato Slices,10,0g,0g,0g,0mg,8.1mg,2g,0.4g,1.2g,0.4g
"Tonkotsu Ramen (Pork, Fish)",194,7.2g,0.3g,0g,1.3mg,903.6mg,36.5g,1.8g,1.1g,7.2g
Tortellini w/Basil Pesto & Grape Tomatoes,213,8.9g,1.4g,0g,8.2mg,379.9mg,26.8g,1.1g,1.4g,6.6g
Tortellini w/Red Pepper Pesto & Artichoke,209,7.2g,1.3g,0g,7.5mg,427.4mg,29.9g,0.8g,1.5g,6.5g
Tortellini w/Tomato Pesto & Artichoke,197,4.7g,0.8g,0g,7.5mg,361.8mg,32.2g,1.5g,3.6g,6.8g
Tortilla Chips and Salsa,236,8.5g,0.5g,0g,0mg,798.1mg,36.8g,3.3g,2.6g,4.8g
Tossed Salad,31,0.4g,0g,0g,0mg,9.8mg,6.3g,2.5g,3g,1.7g
Tostadas Tinga de Pollo,126,8.1g,3.2g,0g,10.6mg,215.9mg,9.4g,1.2g,0.8g,3.4g
Tostones,199,9.7g,0.8g,0g,0mg,86.2mg,27.4g,1.3g,0.7g,1.3g
Tri Colored Tortrilla Strips,142,8.1g,0g,0g,0mg,60.8mg,0g,,0g,0g
Tuna,41,1.3g,0.5g,0g,10.1mg,75.9mg,0g,0g,0g,7.1g
Tuna Salad,128,10g,1.8g,0g,20mg,178.1mg,1.1g,0.2g,0.2g,8.7g
Tuna on White,268,12.8g,1.8g,0g,13.8mg,496.3mg,26.4g,0.5g,1.8g,12.5g
Turkey Bacon Wrap,315,9.2g,1.8g,0g,40.8mg,766.3mg,36.4g,4.2g,0.1g,23g
Turkey Breast,61,1g,0g,0g,30.4mg,405mg,0g,0g,0g,13.2g
Turkey Burger Patty,186,11.3g,2.8g,0g,60.2mg,521.2mg,0.4g,0.1g,0g,17.7g
Turkey Gravy,80,5.7g,3.4g,0g,16.4mg,389.3mg,5.6g,0g,0.1g,1.1g
Turmeric Basmati Rice,138,2.7g,0.2g,0g,0mg,75.7mg,24.5g,1.3g,0g,2.5g
Turmeric Rstd Cauliflower & Onions,30,1.1g,0.2g,0g,0mg,60.7mg,4.7g,1.8g,1.9g,1.6g
Tuscan Tomato Pesto Ravioli,543,16.8g,7.6g,0g,87mg,579.8mg,75.7g,3.4g,9.2g,22.1g
Uttapam (Lentil Pancakes),82,2.5g,0.2g,0g,0mg,293.7mg,11.9g,0.3g,0.4g,2.3g
VIOLFIE Plant Based Pulmuone Steak & Pepper Quesadilla,241,13.1g,5g,0g,0mg,397.3mg,25.4g,2.4g,2.6g,5.9g
VIOLIFE Cheese Pizza,178,7.4g,4g,0g,0mg,341.9mg,26.1g,1.1g,3.2g,1.9g
VIOLIFE Dairy Free Shredded Cheddar Cheese,84,6.8g,6.2g,0g,0mg,249.5mg,6g,0g,0g,0g
VIOLIFE GF Plant Based Mac & Cheese,294,21.8g,14.3g,0g,0.1mg,214.1mg,22g,0.5g,0.5g,1.8g
VIOLIFE Mexican Stuffed Yellow Peppers,205,7.9g,3.9g,0g,0mg,240.9mg,29.3g,2.7g,1g,5.6g
VIOLIFE Plant Based Cheddar Cheese,84,6.8g,6.2g,0g,0mg,249.5mg,6g,0g,0g,0g
VIOLIFE Plant Based Lemon Broccoli Chic'n Pasta,132,4.1g,1.3g,0g,0mg,232.1mg,15.5g,1.6g,1.3g,9.6g
VIOLIFE Plant Based Meatball Grinder,443,17.2g,7g,0g,0.1mg,997mg,51.7g,1.2g,4.9g,23.4g
VIOLIFE Plant Based Mozzarella Cheese,84,6.8g,6.2g,0g,0.1mg,192.8mg,6g,0g,0g,0g
"VIOLIFE Stuffed Port Mush w/Refried Beans, Tom, Avocado",69,4.4g,1.9g,0g,0mg,160mg,6.7g,1.7g,0.7g,1.5g
Vanilla Cheesecake Pie,292,19.1g,11g,0.4g,77.5mg,240.7mg,27.1g,0g,19.3g,4.6g
Vanilla Milkshake,912,50.3g,29.5g,1.5g,246.1mg,173.8mg,96.4g,0g,93.1g,13.9g
Vegan Mashed Sweet Potato,61,0.5g,0.1g,0g,0mg,51.9mg,13.2g,1.7g,3.1g,1g
Vegetable Curry Samosa,341,23.4g,2.7g,0g,0mg,480mg,32g,0g,0g,4g
Vegetable Fried Rice,141,5.1g,0.7g,0g,23.5mg,355.8mg,20.3g,1.5g,2.1g,3g
Vegetable Ho Fun Noodles,153,2g,0.1g,0g,0mg,390.6mg,28.4g,1.7g,1.8g,5.4g
Vegetable Korma,60,3.4g,1.7g,0g,8.5mg,374.2mg,6g,1.7g,2.6g,0.9g
Vegetable Lasagna,150,5.5g,2.5g,0g,12.5mg,459.6mg,18.5g,0g,3g,6.5g
Vegetable Lo Mein,93,1.7g,0.2g,0g,0.1mg,763.7mg,17.8g,0.5g,4.2g,2.3g
Vegetable Palava,195,18g,1.3g,0.1g,0mg,211.2mg,8.4g,1.7g,1.3g,1.3g
Vegetable Pizza,203,5.5g,2.8g,0.1g,14.7mg,446mg,29.5g,1.4g,0.7g,8.4g
Vegetable Pulao,143,3.5g,0.3g,0g,0mg,82.2mg,24.9g,1.6g,3.7g,2.5g
Vegetable Sambar,46,1.1g,0.1g,0g,0mg,91.7mg,6.8g,1.4g,1g,2.4g
Vegetable Spring Rolls,158,15.3g,1.4g,0g,0mg,16.7mg,5.6g,0g,0g,1.1g
Vegetable Spring Rolls,79,7.6g,0.7g,0g,0mg,8.3mg,2.8g,0g,0g,0.6g
Vegetable Sushi Roll,175,1.1g,0.2g,0g,0mg,210.8mg,35.6g,1g,2.1g,4.1g
Vegetable Sushi Roll,204,1.4g,0.2g,0g,0mg,576.8mg,43.3g,0.9g,12.7g,3.6g
Vegetable Sushi Roll w/Brown Rice,195,5.7g,0.6g,0g,0mg,98.2mg,32.4g,2.5g,9.1g,4.7g
Vegetable Yaki Udon,118,1.6g,0.1g,0g,0mg,412.5mg,21.9g,0.5g,3.6g,4.6g
Vegetarian Brown Sushi Roll,190,5.2g,0.5g,0g,0mg,116.8mg,32g,2g,9.4g,4.6g
Vegetarian Hummus Wrap,432,19.9g,5.6g,0g,20.3mg,619.3mg,48.9g,7.4g,3.8g,18.4g
Vegetarian Pho Base,24,1.4g,0g,0g,0mg,1260.1mg,3.8g,0g,2.8g,0g
Vegetarian Tex Mex Casserole,28,1.1g,0.6g,0g,3mg,44.7mg,3.3g,0.6g,0.6g,1.3g
Veggie Alfredo Pasta,509,28.8g,10.9g,0g,50mg,416.9mg,50.8g,4.9g,8.9g,14.7g
Veggie Lasagna Stuffed Peppers,123,7.7g,4g,0.1g,29.4mg,201.6mg,8.5g,2.3g,5.1g,7.1g
Veracruz Style Fish,91,4.5g,0.3g,0g,14.6mg,352.6mg,5.6g,1.4g,1.3g,7.1g
Vichy Carrots w/Butter,42,2.2g,1.4g,0g,5.9mg,84.3mg,5.3g,1.4g,3.9g,0.7g
Vietnamese Nam Nem Sauce,35,1g,0.1g,0g,18.2mg,1140.5mg,4g,0.1g,3.2g,2.4g
Vietnamese Pork & Shrimp Noodle Bowl,243,15.9g,4.9g,0g,207.5mg,1649.3mg,8.7g,0.5g,3.4g,17.1g
Vietnamese Tofu Noodle Bowl,231,6.4g,1.2g,0.1g,0.2mg,651.5mg,31.2g,2.7g,4.1g,12.6g
Walnut Brownie,190,12.7g,1.3g,0g,0mg,61.2mg,17.8g,1g,11.3g,1.9g
Warm Charred Corn Salsa,24,0.8g,0.1g,0g,0mg,29.2mg,4.2g,0.5g,1.5g,0.7g
White Choc Macadamia Cookie,200,11g,5g,0g,15mg,95mg,24g,1g,14g,2g
White Choc Macadamia Nut Cookie,400,22g,10g,0g,30mg,190mg,48g,2g,28g,4g
White Choc Macadamia Nut Cookie,200,11g,5g,0g,15mg,95mg,24g,1g,14g,2g
White Coconut Chutney,54,4.1g,2.5g,0g,0.2mg,96.8mg,3.2g,2.2g,0.4g,1.4g
White Rice w/Lime & Cilantro,81,0.3g,0.1g,0g,0mg,541.1mg,17.5g,0.4g,0.1g,1.7g
Whole Grain Penne,212,1.1g,0g,0g,0mg,23.1mg,31.3g,4.5g,1.1g,8.9g
Whole Grain Spaghetti,223,1.7g,0g,0g,0mg,23.1mg,45.8g,6.7g,2.2g,7.8g
Wilted Swiss Chard,42,2.3g,0.2g,0g,0mg,247mg,4.7g,1.9g,1.3g,2.1g
Worcester Breakfast Sandwich,226,8.9g,3.6g,0g,161.5mg,568.6mg,24g,1g,1.5g,11.9g
Wyatt Family Shephard's Pie,162,10g,4.4g,0.3g,28mg,164.4mg,11.7g,1.5g,1.9g,6.1g
Yellow Mustard,0,0g,0g,0g,0mg,170.4mg,0g,0g,0g,0g
Yellow Rice,111,2.7g,0.2g,0g,0mg,180.1mg,18.5g,0.7g,0.3g,1.7g
Yogurt Strawberry,45,0.5g,0.3g,0g,3.5mg,34.9mg,7.3g,0g,7g,2.4g
Yuca Fries,214,13.5g,1.5g,0g,0mg,210.7mg,22.6g,0g,0.5g,0.5g
Yucatan Chili Salsa,12,0g,0g,0g,0mg,81.9mg,2.1g,0.1g,0.3g,0.4g
Yucutan Saffron Rice,77,0.5g,0.1g,0g,0mg,82mg,16.2g,0.7g,0.4g,1.4g
Yucutan Saffron Rice,53,0.4g,0.1g,0g,0mg,56.2mg,11.1g,0.4g,0.3g,1g
Zesty Orange Chicken,300,16.7g,2.1g,0g,34.2mg,731.7mg,22.6g,0.1g,11.2g,14.6g
Zesty Orange Chicken,325,19.9g,2.5g,0g,45.2mg,549.3mg,25.5g,0.1g,11.9g,10.6g
Zesty Orange Tofu,276,17.3g,2.3g,0g,0mg,440.5mg,22.5g,1.9g,12.1g,7g
Zucchini & Corn,72,2.9g,0.5g,0g,0mg,172.9mg,10.8g,1.1g,1.8g,1.6g
Zucchini Kelp Tempura,91,4.1g,0.3g,0g,0mg,70.3mg,12.9g,0.3g,0.6g,1.5g
"Zucchini, Corn & Peppers",42,2g,0.2g,0g,0mg,21.4mg,5.9g,1g,2.5g,1.1g
"Zucchini, Corn & Peppers",57,2.9g,0.3g,0g,0mg,33.4mg,7.9g,1.4g,3.3g,1.5g
"Zucchini, Corn & Peppers",76,3.8g,0.4g,0g,0mg,44.5mg,10.6g,1.9g,4.4g,2g
